Id,Name,Type,RAh,Dec,Vmag,MajorArcmin,MinorArcmin,PAdeg,SourceCatalog
IC0010,IC0010,galaxy,0.338150,59.303778,11.780,6.760,6.030,129.000,ic
IC0239,IC0239,galaxy,2.607744,38.969917,11.890,4.250,4.010,75.000,ic
IC0342,IC0342,galaxy,3.780139,68.096361,9.680,19.770,18.790,0.000,ic
IC0356,IC0356,galaxy,4.129697,69.812444,11.560,4.020,3.730,90.000,ic
IC0398,IC0398,galaxy,4.970156,-7.780250,10.950,1.180,0.340,2.000,ic
IC0422,IC0422,galaxy,5.538486,-17.223861,10.740,1.040,0.930,130.000,ic
IC0433,IC0433,galaxy,5.675375,-11.665583,10.930,1.420,1.120,138.000,ic
IC0500,IC0500,galaxy,8.211000,-16.050806,10.720,1.770,0.710,54.000,ic
IC0672,IC0672,galaxy,11.134231,-12.484167,11.940,0.750,0.330,155.000,ic
IC1330,IC1330,galaxy,20.770817,-14.023222,11.650,1.250,0.410,109.000,ic
IC1342,IC1342,galaxy,21.007067,-14.495861,11.660,1.080,0.410,74.000,ic
IC1442,IC1442,open_cluster,22.267036,53.991333,9.530,4.200,,,ic
IC1459,IC1459,galaxy,22.952947,-36.462222,10.940,4.610,3.230,43.000,ic
IC1613,IC1613,galaxy,1.079942,2.117778,10.010,18.320,17.140,50.000,ic
IC2157,IC2157,open_cluster,6.079883,24.071028,8.910,2.700,,,ic
IC2163,IC2163,galaxy,6.274439,-21.375861,11.740,3.370,0.950,103.000,ic
IC2375,IC2375,galaxy,8.438797,-13.303139,11.120,2.180,0.350,84.000,ic
IC2379,IC2379,galaxy,8.441056,-13.292861,11.680,0.960,0.490,35.000,ic
IC2391,omi Vel Cluster,open_cluster,8.675522,-53.035472,2.500,29.100,,,ic
IC2395,IC2395,open_cluster,8.708364,-48.150556,4.600,6.000,,,ic
IC2488,IC2488,open_cluster,9.460619,-57.006944,7.400,7.200,,,ic
IC2574,Coddington's Nebula,galaxy,10.473189,68.412139,10.820,12.910,5.570,48.000,ic
IC2581,IC2581,open_cluster,10.458097,-57.617306,4.790,6.000,,,ic
IC2714,IC2714,open_cluster,11.290931,-62.725111,8.200,7.200,,,ic
IC3370,IC3370,galaxy,12.460369,-39.337778,11.990,3.120,2.290,53.000,ic
IC4269,IC4269,galaxy,13.489178,37.623083,11.590,0.460,0.460,85.000,ic
IC4291,IC4291,open_cluster,13.615669,-62.093111,10.300,5.100,,,ic
IC4296,IC4296,galaxy,13.610842,-33.965833,11.570,4.620,2.430,42.000,ic
IC4499,IC4499,globular_cluster,15.005347,-82.213500,8.560,5.100,,,ic
IC4651,IC4651,open_cluster,17.413650,-49.938250,7.760,9.600,,,ic
IC4662,IC4662,galaxy,17.785797,-64.641750,11.800,2.090,0.830,106.000,ic
IC4665,IC4665,open_cluster,17.774217,5.648722,4.490,24.600,,,ic
IC4756,IC4756,open_cluster,18.647642,5.462167,4.960,24.000,,,ic
IC4901,IC4901,galaxy,19.906536,-58.713556,11.970,3.680,2.540,130.000,ic
IC4996,IC4996,open_cluster,20.275908,37.555278,7.870,6.000,,,ic
IC5052,IC5052,galaxy,20.868214,-69.201639,11.690,7.160,1.330,140.000,ic
IC5152,IC5152,galaxy,22.044864,-51.296444,10.400,5.130,3.600,103.000,ic
IC5201,IC5201,galaxy,22.349289,-46.035861,11.380,6.700,2.860,22.000,ic
IC5267,IC5267,galaxy,22.953769,-43.396139,11.390,5.580,4.060,138.000,ic
IC5325,IC5325,galaxy,23.478731,-41.333472,11.870,2.880,2.620,8.000,ic
IC5332,IC5332,galaxy,23.574303,-36.101083,11.270,6.070,5.770,0.000,ic
M002,NGC7089,globular_cluster,21.557503,-0.823306,6.250,8.400,,,messier
M003,NGC5272,globular_cluster,13.703119,28.375444,6.390,16.200,,,messier
M004,NGC6121,globular_cluster,16.393167,-26.525528,5.400,28.200,,,messier
M005,NGC5904,globular_cluster,15.309375,2.082694,7.340,15.000,,,messier
M006,Butterfly Cluster,open_cluster,17.672431,-32.254167,4.480,15.600,,,messier
M007,Ptolemy's Cluster,open_cluster,17.897550,-34.792833,3.450,22.200,,,messier
M009,NGC6333,globular_cluster,17.319939,-18.516250,9.360,6.900,,,messier
M010,NGC6254,globular_cluster,16.952497,-4.099333,4.980,9.300,,,messier
M011,Amas de l'Ecu de Sobieski,open_cluster,18.851664,-6.270028,6.320,9.000,,,messier
M012,NGC6218,globular_cluster,16.787367,-1.947833,8.520,11.100,,,messier
M013,Hercules Globular Cluster,globular_cluster,16.694897,36.461306,5.800,16.500,,,messier
M014,NGC6402,globular_cluster,17.626711,-3.245917,9.550,,,,messier
M015,NGC7078,globular_cluster,21.499550,12.166833,3.000,11.100,,,messier
M018,NGC6613,open_cluster,18.332914,-17.101972,7.240,6.000,,,messier
M019,NGC6273,globular_cluster,17.043800,-26.267944,8.450,7.500,,,messier
M021,NGC6531,open_cluster,18.070403,-22.490056,5.900,6.000,,,messier
M022,NGC6656,globular_cluster,18.606722,-23.903417,7.160,12.600,,,messier
M023,NGC6494,open_cluster,17.951325,-18.985333,6.030,16.800,,,messier
M025,IC4725,open_cluster,18.529658,-19.114944,5.290,14.100,,,messier
M026,NGC6694,open_cluster,18.755183,-9.383611,8.000,6.000,,,messier
M028,NGC6626,globular_cluster,18.409136,-24.869833,6.900,5.100,,,messier
M029,NGC6913,open_cluster,20.399381,38.507667,7.300,3.600,,,messier
M030,NGC7099,globular_cluster,21.672783,-23.179083,7.100,9.000,,,messier
M031,Andromeda Galaxy,galaxy,0.712319,41.269056,4.290,177.830,69.660,35.000,messier
M032,NGC0221,galaxy,0.711619,40.865278,8.890,7.740,4.860,170.000,messier
M033,Triangulum Galaxy,galaxy,1.564136,30.660222,6.350,62.090,36.730,23.000,messier
M034,NGC1039,open_cluster,2.702056,42.746139,5.370,22.500,,,messier
M035,NGC2168,open_cluster,6.151406,24.338639,5.310,24.000,,,messier
M036,NGC1960,open_cluster,5.604928,34.140750,6.090,7.200,,,messier
M037,NGC2099,open_cluster,5.871764,32.553000,6.190,11.400,,,messier
M038,NGC1912,open_cluster,5.478469,35.854917,6.690,9.600,,,messier
M039,NGC7092,open_cluster,21.530089,48.438167,4.660,19.500,,,messier
M041,NGC2287,open_cluster,6.766650,-20.754222,4.890,12.000,,,messier
M044,Beehive,open_cluster,8.672833,19.672056,3.460,108.600,,,messier
M045,Pleiades,open_cluster,3.791278,24.105278,1.200,150.000,150.000,90.000,messier
M046,NGC2437,open_cluster,7.696339,-14.810000,6.330,21.000,,,messier
M047,NGC2422,open_cluster,7.609728,-14.482611,4.420,19.800,,,messier
M048,NGC2548,open_cluster,8.228661,-5.750444,6.110,28.200,,,messier
M049,NGC4472,galaxy,12.496322,8.000472,9.350,10.210,8.380,156.000,messier
M050,NGC2323,open_cluster,7.044575,-8.364028,6.270,14.100,,,messier
M051,Whirlpool Galaxy,galaxy,13.497975,47.195167,8.610,13.710,11.670,163.000,messier
M052,NGC7654,open_cluster,23.413444,61.593167,6.900,9.900,,,messier
M053,NGC5024,globular_cluster,13.215342,18.169111,8.950,9.000,,,messier
M054,NGC6715,globular_cluster,18.917575,-30.478500,7.700,5.100,,,messier
M055,NGC6809,globular_cluster,19.666500,-30.962083,6.490,12.000,,,messier
M056,NGC6779,globular_cluster,19.276531,30.184500,8.900,5.800,,,messier
M058,NGC4579,galaxy,12.628756,11.818194,10.440,5.010,3.840,90.000,messier
M059,NGC4621,galaxy,12.700622,11.647028,10.570,4.550,3.210,165.000,messier
M060,NGC4649,galaxy,12.727772,11.552694,9.790,6.780,5.450,105.000,messier
M061,NGC4303,galaxy,12.365250,4.473639,10.160,6.890,6.560,20.000,messier
M062,NGC6266,globular_cluster,17.020167,-30.112361,8.550,7.800,,,messier
M063,Sunflower Galaxy,galaxy,13.263703,42.029278,9.320,11.830,7.160,103.000,messier
M064,Black Eye Galaxy,galaxy,12.945456,21.682972,9.270,10.520,5.330,114.000,messier
M065,NGC3623,galaxy,11.315533,13.092361,10.140,7.640,1.970,173.000,messier
M066,NGC3627,galaxy,11.337489,12.991528,9.730,10.280,4.610,168.000,messier
M067,NGC2682,open_cluster,8.855592,11.811944,7.600,33.000,,,messier
M068,NGC4590,globular_cluster,12.657781,-26.743028,10.260,6.600,,,messier
M069,NGC6637,globular_cluster,18.523119,-32.347972,9.320,5.700,,,messier
M070,NGC6681,globular_cluster,18.720178,-32.291889,9.760,6.600,,,messier
M071,NGC6838,globular_cluster,19.896142,18.778389,7.910,6.900,,,messier
M072,NGC6981,globular_cluster,20.891086,-12.537056,9.950,4.500,,,messier
M074,NGC0628,galaxy,1.611597,15.783667,9.710,9.890,9.330,87.000,messier
M075,NGC6864,globular_cluster,20.101344,-21.922222,8.260,3.600,,,messier
M077,NGC1068,galaxy,2.711308,-0.013278,9.740,6.110,5.610,12.000,messier
M079,NGC1904,globular_cluster,5.402942,-24.524222,9.210,7.200,,,messier
M080,NGC6093,globular_cluster,16.284031,-22.975111,7.300,5.700,,,messier
M081,Bode's Galaxy,galaxy,9.925881,69.065306,7.790,21.630,11.250,157.000,messier
M082,Cigar Galaxy,galaxy,9.931314,69.679389,8.940,10.990,5.110,66.000,messier
M083,Southern Pinwheel Galaxy,galaxy,13.616931,-29.865417,7.820,13.610,13.210,45.000,messier
M084,NGC4374,galaxy,12.417706,12.886972,10.010,7.410,6.440,133.000,messier
M085,NGC4382,galaxy,12.423364,18.191500,9.940,6.950,5.350,12.000,messier
M086,NGC4406,galaxy,12.436594,12.946222,9.740,11.530,8.430,128.000,messier
M087,Virgo Galaxy,galaxy,12.513728,12.391111,9.650,7.110,6.670,153.000,messier
M088,NGC4501,galaxy,12.533100,14.420389,10.240,8.650,4.380,138.000,messier
M089,NGC4552,galaxy,12.594392,12.556333,10.680,8.130,8.000,150.000,messier
M090,NGC4569,galaxy,12.613831,13.162944,10.180,9.120,3.820,22.000,messier
M091,NGC4548,galaxy,12.590681,14.496333,10.940,5.550,4.520,150.000,messier
M092,NGC6341,globular_cluster,17.285353,43.136528,6.520,14.400,,,messier
M093,NGC2447,open_cluster,7.741453,-23.853083,6.570,15.000,,,messier
M094,NGC4736,galaxy,12.848072,41.120444,8.710,7.740,6.680,105.000,messier
M095,NGC3351,galaxy,10.732694,11.703806,10.580,7.230,4.450,11.000,messier
M096,NGC3368,galaxy,10.779372,11.819944,10.080,8.260,5.510,5.000,messier
M098,NGC4192,galaxy,12.230081,14.900333,10.820,11.040,2.660,152.000,messier
M099,Coma Pinwheel,galaxy,12.313778,14.416500,10.400,5.040,4.740,23.000,messier
M100,NGC4321,galaxy,12.381897,15.821806,10.010,6.100,5.620,108.000,messier
M101,NGC5457,galaxy,14.053483,54.348944,8.360,23.990,23.070,28.000,messier
M103,NGC0581,open_cluster,1.556058,60.658000,7.720,4.500,,,messier
M104,Sombrero Galaxy,galaxy,12.666508,-11.623056,9.150,8.450,4.910,90.000,messier
M105,NGC3379,galaxy,10.797108,12.581611,10.230,4.890,4.250,71.000,messier
M106,NGC4258,galaxy,12.315972,47.303972,9.120,16.980,7.240,150.000,messier
M107,NGC6171,globular_cluster,16.542200,-13.053639,9.960,7.800,,,messier
M108,NGC3556,galaxy,11.191936,55.674111,10.700,3.980,1.660,79.000,messier
M109,NGC3992,galaxy,11.959994,53.374528,10.480,8.070,5.640,78.000,messier
M110,NGC0205,galaxy,0.672800,41.685306,8.900,16.220,9.590,170.000,messier
MEL071,MEL071,open_cluster,7.626000,-12.055000,7.440,14.400,,,messier
MEL072,MEL072,open_cluster,7.477444,-10.700000,10.100,7.500,,,messier
MEL101,MEL101,open_cluster,10.703333,-65.100000,8.500,8.400,,,messier
MEL105,MEL105,open_cluster,11.328333,-63.483333,9.050,5.400,,,messier
MWSC3156,MWSC3156,globular_cluster,19.695669,-33.999472,11.540,3.900,,,messier
MWSC3171,MWSC3171,globular_cluster,19.754000,-8.007222,7.540,5.400,,,messier
MWSC3561,MWSC3561,globular_cluster,21.777456,-21.252611,11.890,2.700,,,messier
NGC0045,NGC0045,galaxy,0.234442,-23.182083,11.390,6.180,4.440,159.000,ngc
NGC0055,NGC0055,galaxy,0.248222,-39.196639,8.390,29.850,3.050,101.000,ngc
NGC0103,NGC0103,open_cluster,0.421222,61.323472,10.280,2.700,,,ngc
NGC0104,47 Tuc Cluster,globular_cluster,0.401489,-72.081444,5.780,31.800,,,ngc
NGC0121,NGC0121,globular_cluster,0.446736,-71.535667,11.200,3.800,3.100,80.000,ngc
NGC0129,NGC0129,open_cluster,0.499497,60.211167,7.330,5.400,,,ngc
NGC0133,NGC0133,open_cluster,0.521378,63.352611,9.400,2.100,,,ngc
NGC0134,NGC0134,galaxy,0.506103,-33.244028,11.180,8.380,1.790,50.000,ngc
NGC0146,NGC0146,open_cluster,0.551094,63.309000,9.590,3.600,,,ngc
NGC0147,NGC0147,galaxy,0.553367,48.508750,10.600,9.400,5.410,26.000,ngc
NGC0150,NGC0150,galaxy,0.570967,-27.803583,11.970,3.540,1.600,117.000,ngc
NGC0157,NGC0157,galaxy,0.579656,-8.396444,11.070,3.700,1.900,28.000,ngc
NGC0185,NGC0185,galaxy,0.649436,48.337389,10.150,12.940,10.760,38.000,ngc
NGC0188,NGC0188,open_cluster,0.790981,85.269639,8.910,17.700,,,ngc
NGC0189,NGC0189,open_cluster,0.659917,61.094472,9.070,2.700,,,ngc
NGC0210,NGC0210,galaxy,0.676394,-13.872806,11.720,4.980,3.020,163.000,ngc
NGC0225,NGC0225,open_cluster,0.726772,61.766944,7.430,4.200,,,ngc
NGC0247,NGC0247,galaxy,0.785708,-20.760389,9.670,19.680,5.550,167.000,ngc
NGC0253,Sculptor Filament,galaxy,0.792533,-25.288222,7.940,26.790,4.580,53.000,ngc
NGC0278,NGC0278,galaxy,0.867864,47.550500,11.490,2.360,2.300,30.000,ngc
NGC0288,NGC0288,globular_cluster,0.879847,-26.589889,10.000,9.600,,,ngc
NGC0289,NGC0289,galaxy,0.878433,-31.205833,11.700,3.360,2.510,129.000,ngc
NGC0292,Small Magellanic Cloud,galaxy,0.879106,-72.828611,2.750,299.920,179.890,45.000,ngc
NGC0300,NGC0300,galaxy,0.914856,-37.684389,8.770,19.410,13.060,114.000,ngc
NGC0330,NGC0330,open_cluster,0.938236,-72.462944,9.760,2.800,2.500,120.000,ngc
NGC0362,NGC0362,globular_cluster,1.053953,-70.848222,7.970,8.700,,,ngc
NGC0376,NGC0376,open_cluster,1.064847,-72.823667,11.160,1.800,1.800,,ngc
NGC0381,NGC0381,open_cluster,1.138336,61.583278,9.300,6.000,,,ngc
NGC0404,NGC0404,galaxy,1.157506,35.718139,11.190,3.400,3.370,90.000,ngc
NGC0419,NGC0419,globular_cluster,1.138103,-72.883500,11.160,2.800,2.800,,ngc
NGC0428,NGC0428,galaxy,1.215475,0.981556,11.950,2.820,2.080,114.000,ngc
NGC0436,NGC0436,open_cluster,1.266050,58.817111,8.010,5.700,,,ngc
NGC0457,Owl Cluster,open_cluster,1.325736,58.290694,6.970,7.800,,,ngc
NGC0458,NGC0458,open_cluster,1.248186,-71.552694,11.850,2.600,2.300,140.000,ngc
NGC0488,NGC0488,galaxy,1.363014,5.256722,11.130,5.050,3.660,13.000,ngc
NGC0524,NGC0524,galaxy,1.413256,9.538833,11.400,3.370,3.350,55.000,ngc
NGC0559,NGC0559,open_cluster,1.492547,63.301444,9.850,9.000,,,ngc
NGC0578,NGC0578,galaxy,1.508081,-22.667361,11.540,4.820,2.920,114.000,ngc
NGC0584,NGC0584,galaxy,1.522431,-6.868056,11.310,3.780,2.510,104.000,ngc
NGC0596,NGC0596,galaxy,1.547800,-7.031833,11.850,2.140,1.580,36.000,ngc
NGC0613,NGC0613,galaxy,1.571714,-29.418361,10.740,5.480,4.510,125.000,ngc
NGC0625,NGC0625,galaxy,1.584619,-41.436194,11.650,6.550,2.050,92.000,ngc
NGC0637,NGC0637,open_cluster,1.717531,64.036556,8.560,4.500,,,ngc
NGC0654,NGC0654,open_cluster,1.733175,61.882722,7.340,6.300,,,ngc
NGC0659,NGC0659,open_cluster,1.739719,60.669167,8.400,4.200,,,ngc
NGC0660,NGC0660,galaxy,1.717333,13.645056,11.940,4.570,1.690,13.000,ngc
NGC0663,NGC0663,open_cluster,1.771125,61.218194,7.780,6.000,,,ngc
NGC0672,NGC0672,galaxy,1.798478,27.432778,11.410,7.010,2.710,69.000,ngc
NGC0676,NGC0676,galaxy,1.815919,5.907528,10.160,2.750,0.690,173.000,ngc
NGC0685,NGC0685,galaxy,1.795225,-52.761806,11.900,3.010,2.300,62.000,ngc
NGC0720,NGC0720,galaxy,1.883472,-13.738667,11.140,4.490,2.370,142.000,ngc
NGC0744,NGC0744,open_cluster,1.974978,55.474611,8.380,11.700,,,ngc
NGC0752,NGC0752,open_cluster,1.959672,37.833389,6.470,39.000,,,ngc
NGC0772,NGC0772,galaxy,1.988772,19.007528,10.710,4.570,2.520,131.000,ngc
NGC0779,NGC0779,galaxy,1.995078,-5.963194,11.960,1.350,0.580,160.000,ngc
NGC0821,NGC0821,galaxy,2.139206,10.994917,11.760,2.450,2.100,26.000,ngc
NGC0864,NGC0864,galaxy,2.257678,6.002611,11.620,3.720,2.570,21.000,ngc
NGC0869,h Persei Cluster,open_cluster,2.316267,57.117250,4.300,14.400,,,ngc
NGC0884,chi Persei Cluster,open_cluster,2.375583,57.144111,4.400,10.500,,,ngc
NGC0891,NGC0891,galaxy,2.375947,42.349139,10.840,13.030,3.030,22.000,ngc
NGC0908,NGC0908,galaxy,2.384603,-21.233861,10.820,6.140,2.820,77.000,ngc
NGC0925,NGC0925,galaxy,2.454689,33.579167,10.590,10.720,5.750,107.000,ngc
NGC0936,NGC0936,galaxy,2.460406,-1.156278,11.190,4.440,3.180,133.000,ngc
NGC0956,NGC0956,open_cluster,2.541917,44.593472,8.900,4.500,,,ngc
NGC0957,NGC0957,open_cluster,2.555286,57.569694,8.340,10.200,,,ngc
NGC0986,NGC0986,galaxy,2.559542,-39.045056,11.650,3.770,3.030,52.000,ngc
NGC0988,NGC0988,galaxy,2.591042,-9.356194,10.940,4.330,1.730,119.000,ngc
NGC1023,NGC1023,galaxy,2.673336,39.063278,9.560,7.400,3.060,87.000,ngc
NGC1027,NGC1027,open_cluster,2.709739,61.594361,7.280,7.800,,,ngc
NGC1042,NGC1042,galaxy,2.673325,-8.433556,11.630,3.870,2.130,1.000,ngc
NGC1052,NGC1052,galaxy,2.684667,-8.255778,11.450,2.940,2.070,109.000,ngc
NGC1055,NGC1055,galaxy,2.695897,0.443167,11.410,6.920,3.530,104.000,ngc
NGC1058,NGC1058,galaxy,2.725000,37.341333,11.960,2.470,1.360,90.000,ngc
NGC1073,NGC1073,galaxy,2.727922,1.376111,11.680,3.540,2.230,32.000,ngc
NGC1084,NGC1084,galaxy,2.766642,-7.578472,11.180,3.400,2.250,36.000,ngc
NGC1087,NGC1087,galaxy,2.773656,-0.498639,11.520,2.970,1.800,10.000,ngc
NGC1097,NGC1097,galaxy,2.771958,-30.274889,10.140,10.570,6.440,138.000,ngc
NGC1187,NGC1187,galaxy,3.043775,-22.867167,11.370,4.140,3.020,129.000,ngc
NGC1201,NGC1201,galaxy,3.068883,-26.069639,11.700,3.410,1.960,8.000,ngc
NGC1220,NGC1220,open_cluster,3.194631,53.348167,11.800,2.400,,,ngc
NGC1232,NGC1232,galaxy,3.162642,-20.579306,10.560,6.790,5.770,101.000,ngc
NGC1245,NGC1245,open_cluster,3.244850,47.238694,9.160,11.400,,,ngc
NGC1255,NGC1255,galaxy,3.225567,-25.725167,11.600,4.050,2.240,118.000,ngc
NGC1261,NGC1261,globular_cluster,3.204261,-55.216806,9.790,5.100,,,ngc
NGC1269,NGC1269,galaxy,3.288497,-41.108056,9.420,11.170,9.930,156.000,ngc
NGC1300,NGC1300,galaxy,3.328078,-19.411361,11.210,5.960,3.060,101.000,ngc
NGC1302,NGC1302,galaxy,3.330883,-26.060444,11.590,4.270,3.900,170.000,ngc
NGC1309,NGC1309,galaxy,3.368489,-15.400056,11.960,2.390,2.240,175.000,ngc
NGC1313,NGC1313,galaxy,3.304458,-66.498250,9.650,11.070,9.140,27.000,ngc
NGC1316,Fornax A,galaxy,3.378256,-37.208222,9.410,13.460,7.710,50.000,ngc
NGC1317,Fornax B,galaxy,3.378969,-37.103694,11.850,3.100,2.580,69.000,ngc
NGC1326,NGC1326,galaxy,3.399000,-36.464667,11.400,4.280,2.930,67.000,ngc
NGC1332,NGC1332,galaxy,3.438125,-21.335222,11.200,5.310,3.840,121.000,ngc
NGC1340,NGC1340,galaxy,3.472131,-31.068167,11.220,5.120,3.120,167.000,ngc
NGC1342,NGC1342,open_cluster,3.527811,37.379389,7.350,6.300,,,ngc
NGC1350,NGC1350,galaxy,3.518922,-33.628639,11.150,5.180,2.600,11.000,ngc
NGC1365,NGC1365,galaxy,3.560103,-36.140389,10.360,12.020,6.140,20.000,ngc
NGC1367,NGC1367,galaxy,3.583706,-24.933222,11.590,4.880,3.260,134.000,ngc
NGC1379,NGC1379,galaxy,3.601097,-35.441194,11.840,2.660,2.550,65.000,ngc
NGC1380,NGC1380,galaxy,3.607664,-34.976222,10.890,4.580,2.220,6.000,ngc
NGC1385,NGC1385,galaxy,3.624681,-24.500306,11.460,3.400,2.130,3.000,ngc
NGC1387,NGC1387,galaxy,3.615850,-35.506639,11.770,3.010,2.890,110.000,ngc
NGC1395,NGC1395,galaxy,3.641597,-23.027528,10.600,4.710,3.970,105.000,ngc
NGC1398,NGC1398,galaxy,3.647814,-26.337833,10.550,6.950,4.910,100.000,ngc
NGC1399,NGC1399,galaxy,3.641397,-35.450667,10.420,8.510,7.690,150.000,ngc
NGC1400,NGC1400,galaxy,3.658567,-18.688083,11.930,2.810,2.520,43.000,ngc
NGC1404,NGC1404,galaxy,3.647756,-35.594389,10.890,5.010,4.380,163.000,ngc
NGC1407,NGC1407,galaxy,3.669961,-18.580111,10.690,5.730,5.270,60.000,ngc
NGC1421,NGC1421,galaxy,3.708133,-13.488028,11.960,3.550,0.750,180.000,ngc
NGC1425,NGC1425,galaxy,3.703186,-29.893333,11.320,4.910,2.150,130.000,ngc
NGC1427,NGC1427,galaxy,3.705394,-35.392556,11.780,4.330,2.870,78.000,ngc
NGC1433,NGC1433,galaxy,3.700431,-47.222083,10.810,6.190,2.960,95.000,ngc
NGC1444,NGC1444,open_cluster,3.824689,52.655333,7.040,3.600,,,ngc
NGC1448,NGC1448,galaxy,3.742200,-44.644833,11.380,8.020,1.530,41.000,ngc
NGC1466,NGC1466,globular_cluster,3.742597,-71.671583,11.600,3.500,3.500,,ngc
NGC1487NED01,NGC1487NED01,galaxy,3.929269,-42.367694,11.900,2.340,2.040,96.000,ngc
NGC1493,NGC1493,galaxy,3.957619,-46.210694,11.830,3.440,3.180,80.000,ngc
NGC1496,NGC1496,open_cluster,4.075525,52.661389,9.600,2.100,,,ngc
NGC1502,NGC1502,open_cluster,4.130361,62.331528,7.470,10.200,,,ngc
NGC1511,NGC1511,galaxy,3.993606,-67.634250,11.870,3.660,1.470,123.000,ngc
NGC1512,NGC1512,galaxy,4.065078,-43.348861,11.100,8.430,4.020,63.000,ngc
NGC1513,NGC1513,open_cluster,4.165194,49.517278,8.710,5.100,,,ngc
NGC1515,NGC1515,galaxy,4.067422,-54.100056,11.910,5.500,1.260,20.000,ngc
NGC1527,NGC1527,galaxy,4.140039,-47.897028,11.710,4.580,1.790,78.000,ngc
NGC1528,NGC1528,open_cluster,4.255242,51.211472,6.830,9.600,,,ngc
NGC1532,NGC1532,galaxy,4.201203,-32.874222,10.660,11.270,3.090,33.000,ngc
NGC1533,NGC1533,galaxy,4.164400,-56.118444,11.790,3.270,2.040,149.000,ngc
NGC1537,NGC1537,galaxy,4.227975,-31.645417,11.470,4.350,2.760,102.000,ngc
NGC1543,NGC1543,galaxy,4.212014,-57.737972,11.480,3.660,0.860,94.000,ngc
NGC1545,NGC1545,open_cluster,4.348961,50.255333,7.200,4.200,,,ngc
NGC1549,NGC1549,galaxy,4.262536,-55.592250,10.680,5.090,4.350,138.000,ngc
NGC1553,NGC1553,galaxy,4.269575,-55.780139,10.280,6.250,4.290,150.000,ngc
NGC1559,NGC1559,galaxy,4.293269,-62.783667,11.020,4.190,2.180,63.000,ngc
NGC1566,NGC1566,galaxy,4.333450,-54.937806,10.290,7.230,5.000,45.000,ngc
NGC1569,NGC1569,galaxy,4.513628,64.847944,11.790,3.910,2.160,119.000,ngc
NGC1574,NGC1574,galaxy,4.366339,-56.974750,11.300,4.130,2.320,2.000,ngc
NGC1582,NGC1582,open_cluster,4.529664,43.784833,7.000,7.800,,,ngc
NGC1600,NGC1600,galaxy,4.527761,-5.086250,11.940,3.330,2.020,5.000,ngc
NGC1605,NGC1605,open_cluster,4.581189,45.271389,11.630,3.300,,,ngc
NGC1617,NGC1617,galaxy,4.527647,-54.602278,11.180,5.240,2.500,112.000,ngc
NGC1637,NGC1637,galaxy,4.691161,-2.857972,11.560,3.180,2.740,16.000,ngc
NGC1647,NGC1647,open_cluster,4.765436,19.095111,6.820,27.000,,,ngc
NGC1662,NGC1662,open_cluster,4.808042,10.930389,7.000,13.800,,,ngc
NGC1664,NGC1664,open_cluster,4.851508,43.676167,8.020,11.400,,,ngc
NGC1672,NGC1672,galaxy,4.761806,-59.247194,10.340,6.140,5.460,95.000,ngc
NGC1704,NGC1704,open_cluster,4.832072,-69.756306,11.780,1.700,1.600,70.000,ngc
NGC1711,NGC1711,globular_cluster,4.843369,-69.985444,11.220,3.500,3.300,40.000,ngc
NGC1735,NGC1735,open_cluster,4.905461,-67.099556,10.880,1.800,1.500,140.000,ngc
NGC1744,NGC1744,galaxy,4.999389,-26.022222,11.710,5.280,1.990,169.000,ngc
NGC1746,NGC1746,open_cluster,5.063942,23.767639,6.100,18.000,,,ngc
NGC1747,NGC1747,open_cluster,4.919717,-67.168889,9.410,4.400,4.400,,ngc
NGC1755,NGC1755,globular_cluster,4.920797,-68.204056,10.000,2.200,1.900,130.000,ngc
NGC1767,NGC1767,open_cluster,4.940917,-69.400556,10.850,1.300,1.200,30.000,ngc
NGC1772,NGC1772,open_cluster,4.947997,-69.556056,11.220,1.500,1.400,30.000,ngc
NGC1774,NGC1774,open_cluster,4.968578,-67.242333,10.960,1.700,1.500,60.000,ngc
NGC1778,NGC1778,open_cluster,5.134917,37.022833,8.200,4.500,,,ngc
NGC1782,NGC1782,open_cluster,4.964192,-69.392194,10.750,1.200,1.100,110.000,ngc
NGC1783,NGC1783,globular_cluster,4.985781,-65.987278,10.900,5.300,4.700,60.000,ngc
NGC1786,NGC1786,globular_cluster,4.985506,-67.745222,10.100,2.000,2.000,,ngc
NGC1787,NGC1787,open_cluster,5.029003,-65.823306,11.090,24.000,14.000,140.000,ngc
NGC1792,NGC1792,galaxy,5.087347,-37.980750,10.770,5.520,2.760,136.000,ngc
NGC1806,NGC1806,globular_cluster,5.036769,-67.985750,11.100,2.500,2.500,,ngc
NGC1807,NGC1807,open_cluster,5.179175,16.512750,7.860,5.400,,,ngc
NGC1808,NGC1808,galaxy,5.128428,-37.513056,10.830,5.420,1.830,135.000,ngc
NGC1817,NGC1817,open_cluster,5.207297,16.684083,8.440,9.300,,,ngc
NGC1818,NGC1818,globular_cluster,5.070767,-66.434500,9.700,3.100,2.700,130.000,ngc
NGC1820,NGC1820,open_cluster,5.067133,-67.265944,11.500,7.000,5.400,20.000,ngc
NGC1831,NGC1831,globular_cluster,5.104644,-64.917500,11.520,3.800,3.200,170.000,ngc
NGC1832,NGC1832,galaxy,5.200925,-15.687806,11.640,2.460,0.940,13.000,ngc
NGC1834,NGC1834,open_cluster,5.086494,-69.207472,11.820,0.950,0.850,100.000,ngc
NGC1835,NGC1835,globular_cluster,5.085161,-69.403861,11.310,2.300,2.000,80.000,ngc
NGC1839,NGC1839,open_cluster,5.100653,-68.626778,11.900,1.600,1.600,,ngc
NGC1848,NGC1848,open_cluster,5.124211,-71.195361,9.780,2.200,2.000,140.000,ngc
NGC1850,NGC1850,globular_cluster,5.145758,-68.761667,8.840,3.000,3.000,,ngc
NGC1851,NGC1851,globular_cluster,5.235203,-40.046611,8.800,9.000,,,ngc
NGC1854,NGC1854,globular_cluster,5.155525,-68.847361,10.180,2.300,2.300,,ngc
NGC1856,NGC1856,globular_cluster,5.158158,-69.127583,10.400,2.700,2.400,90.000,ngc
NGC1857,NGC1857,open_cluster,5.334878,39.343611,8.080,4.500,,,ngc
NGC1860,NGC1860,open_cluster,5.177642,-68.752250,11.180,1.100,1.100,,ngc
NGC1866,NGC1866,globular_cluster,5.227528,-65.465583,9.980,5.500,5.500,,ngc
NGC1870,NGC1870,globular_cluster,5.219417,-69.116944,11.450,1.100,1.000,10.000,ngc
NGC1872,NGC1872,globular_cluster,5.219658,-69.311583,11.390,1.700,1.700,,ngc
NGC1883,NGC1883,open_cluster,5.431722,46.490139,12.000,5.700,,,ngc
NGC1893,NGC1893,open_cluster,5.378928,33.412028,7.900,6.000,,,ngc
NGC1903,NGC1903,globular_cluster,5.289528,-69.335306,12.000,1.900,1.900,,ngc
NGC1907,NGC1907,open_cluster,5.467931,35.325667,8.870,5.400,,,ngc
NGC1913,NGC1913,open_cluster,5.305358,-69.536472,11.370,1.300,1.100,150.000,ngc
NGC1916,NGC1916,globular_cluster,5.310131,-69.406806,11.160,2.100,2.100,,ngc
NGC1922,NGC1922,open_cluster,5.330256,-69.448250,11.670,1.000,0.900,30.000,ngc
NGC1933,NGC1933,open_cluster,5.374256,-66.152167,8.100,1.300,1.300,,ngc
NGC1947,NGC1947,galaxy,5.446558,-63.760028,11.650,3.480,3.180,89.000,ngc
NGC1951,NGC1951,open_cluster,5.435228,-66.597250,10.670,1.700,1.500,20.000,ngc
NGC1953,NGC1953,globular_cluster,5.424392,-68.838306,11.970,1.200,1.200,,ngc
NGC1961,NGC1961,galaxy,5.701292,69.378444,11.790,4.420,3.100,85.000,ngc
NGC1962,NGC1962,open_cluster,5.438258,-68.837639,11.470,1.400,1.400,,ngc
NGC1964,NGC1964,galaxy,5.556044,-21.945778,11.530,5.160,2.330,31.000,ngc
NGC1965,NGC1965,open_cluster,5.442017,-68.805472,11.700,1.200,1.100,,ngc
NGC1966,NGC1966,open_cluster,5.446067,-68.819861,11.830,1.100,1.000,30.000,ngc
NGC1967,NGC1967,open_cluster,5.445364,-69.101528,10.800,0.950,0.900,100.000,ngc
NGC1970,NGC1970,open_cluster,5.447964,-68.836667,10.450,1.500,1.500,,ngc
NGC1974,NGC1974,open_cluster,5.466394,-67.424139,10.300,1.600,1.600,,ngc
NGC1978,NGC1978,globular_cluster,5.479203,-66.235917,10.700,4.000,2.700,160.000,ngc
NGC1984,NGC1984,open_cluster,5.461364,-69.134333,10.000,1.500,1.200,60.000,ngc
NGC1986,NGC1986,globular_cluster,5.460578,-69.973639,11.310,2.800,2.400,140.000,ngc
NGC2002,NGC2002,globular_cluster,5.505750,-66.885000,11.280,1.900,1.700,20.000,ngc
NGC2003,NGC2003,globular_cluster,5.515333,-66.466556,11.350,1.700,1.400,70.000,ngc
NGC2004,NGC2004,globular_cluster,5.511875,-67.286444,9.600,3.000,2.800,90.000,ngc
NGC2009,NGC2009,open_cluster,5.516433,-69.181667,11.290,1.400,1.200,10.000,ngc
NGC2010,NGC2010,open_cluster,5.509703,-70.819667,11.960,1.900,1.700,170.000,ngc
NGC2011,NGC2011,open_cluster,5.538947,-67.523139,10.620,1.000,1.000,,ngc
NGC2019,NGC2019,globular_cluster,5.532406,-70.159583,10.900,1.500,1.500,,ngc
NGC2025,NGC2025,open_cluster,5.542678,-71.715500,11.180,1.900,1.900,,ngc
NGC2027,NGC2027,open_cluster,5.583253,-66.916306,10.970,4.600,2.800,100.000,ngc
NGC2031,NGC2031,globular_cluster,5.561617,-70.986778,11.090,3.300,2.800,150.000,ngc
NGC2037,NGC2037,open_cluster,5.583508,-69.731583,10.210,2.900,1.300,170.000,ngc
NGC2041,NGC2041,globular_cluster,5.607792,-66.989778,10.580,2.600,2.600,,ngc
NGC2042,NGC2042,open_cluster,5.602661,-68.923444,9.820,4.500,4.500,,ngc
NGC2056,NGC2056,open_cluster,5.609436,-70.671889,11.800,1.500,1.500,,ngc
NGC2065,NGC2065,open_cluster,5.627339,-70.236472,11.500,2.300,2.300,,ngc
NGC2090,NGC2090,galaxy,5.783858,-34.250611,11.480,4.470,1.670,17.000,ngc
NGC2096,NGC2096,open_cluster,5.704944,-68.458611,11.820,1.100,0.900,160.000,ngc
NGC2098,NGC2098,open_cluster,5.708619,-68.273167,10.890,2.200,2.000,140.000,ngc
NGC2100,NGC2100,globular_cluster,5.702519,-69.211833,9.600,2.500,2.500,,ngc
NGC2102,NGC2102,open_cluster,5.705692,-69.487083,11.440,0.850,0.850,,ngc
NGC2107,NGC2107,open_cluster,5.720244,-70.639944,11.890,1.700,1.700,,ngc
NGC2112,NGC2112,open_cluster,5.895892,0.410806,9.100,21.000,,,ngc
NGC2127,NGC2127,open_cluster,5.855911,-69.359056,11.970,1.500,1.500,,ngc
NGC2129,NGC2129,open_cluster,6.018483,23.322167,7.310,3.900,,,ngc
NGC2134,NGC2134,globular_cluster,5.866028,-71.097583,11.050,2.800,2.800,,ngc
NGC2136,NGC2136,globular_cluster,5.882708,-69.492750,10.990,2.800,2.500,140.000,ngc
NGC2139,NGC2139,galaxy,6.018836,-23.672639,11.980,2.940,2.160,124.000,ngc
NGC2141,NGC2141,open_cluster,6.048628,10.446472,10.430,5.400,,,ngc
NGC2146,NGC2146,galaxy,6.310475,78.357028,10.530,5.310,4.320,123.000,ngc
NGC2156,NGC2156,globular_cluster,5.963800,-68.460806,11.500,2.100,2.100,,ngc
NGC2157,NGC2157,globular_cluster,5.959661,-69.197222,10.350,2.800,2.800,,ngc
NGC2158,NGC2158,open_cluster,6.123781,24.096167,9.490,8.400,,,ngc
NGC2159,NGC2159,globular_cluster,5.967744,-68.622917,11.660,1.900,1.900,,ngc
NGC2164,NGC2164,globular_cluster,5.982294,-68.515889,10.440,2.800,2.800,,ngc
NGC2169,NGC2169,open_cluster,6.140097,13.964861,5.990,7.200,,,ngc
NGC2172,NGC2172,open_cluster,6.001622,-68.636917,11.930,1.700,1.700,,ngc
NGC2180,NGC2180,open_cluster,6.160069,4.711611,9.000,4.200,,,ngc
NGC2186,NGC2186,open_cluster,6.201981,5.458583,9.200,4.200,,,ngc
NGC2192,NGC2192,open_cluster,6.254842,39.855222,10.900,5.400,,,ngc
NGC2194,NGC2194,open_cluster,6.229419,12.806667,9.030,8.700,,,ngc
NGC2196,NGC2196,galaxy,6.202681,-21.805944,11.960,2.770,2.160,45.000,ngc
NGC2204,NGC2204,open_cluster,6.258950,-18.665861,9.350,6.300,,,ngc
NGC2210,NGC2210,globular_cluster,6.192044,-69.121389,10.900,3.300,3.300,,ngc
NGC2214,NGC2214,open_cluster,6.215814,-68.260722,11.040,3.100,3.100,,ngc
NGC2215,NGC2215,open_cluster,6.347014,-7.283778,8.850,8.400,,,ngc
NGC2217,NGC2217,galaxy,6.361050,-27.233750,11.630,4.630,4.120,113.000,ngc
NGC2232,NGC2232,open_cluster,6.466981,-4.847444,3.900,9.900,,,ngc
NGC2236,NGC2236,open_cluster,6.494361,6.830694,9.080,5.400,,,ngc
NGC2243,NGC2243,open_cluster,6.492911,-31.281333,10.120,5.100,,,ngc
NGC2250,NGC2250,open_cluster,6.563856,-5.084444,8.900,5.100,,,ngc
NGC2251,NGC2251,open_cluster,6.577356,8.366389,7.690,5.700,,,ngc
NGC2252,NGC2252,open_cluster,6.578603,5.366250,7.700,6.600,,,ngc
NGC2254,NGC2254,open_cluster,6.597128,7.673278,9.750,4.200,,,ngc
NGC2259,NGC2259,open_cluster,6.639289,10.883611,10.800,6.000,,,ngc
NGC2262,NGC2262,open_cluster,6.660578,1.143639,11.300,3.900,,,ngc
NGC2266,NGC2266,open_cluster,6.722003,26.969556,9.500,4.200,,,ngc
NGC2269,NGC2269,open_cluster,6.721411,4.624306,10.420,4.800,,,ngc
NGC2276,NGC2276,galaxy,7.453989,85.754556,11.990,2.230,1.730,19.000,ngc
NGC2280,NGC2280,galaxy,6.746975,-27.638611,11.060,6.530,2.840,164.000,ngc
NGC2281,NGC2281,open_cluster,6.804956,41.078861,6.050,10.800,,,ngc
NGC2286,NGC2286,open_cluster,6.794492,-3.147667,8.160,5.400,,,ngc
NGC2292,NGC2292,galaxy,6.794347,-26.746250,11.830,4.340,3.780,154.000,ngc
NGC2298,NGC2298,globular_cluster,6.816444,-36.005306,10.770,4.800,,,ngc
NGC2299,NGC2299,open_cluster,6.864911,-7.082722,9.060,4.800,,,ngc
NGC2301,Great Bird Cluster,open_cluster,6.862583,0.459194,6.300,10.800,,,ngc
NGC2304,NGC2304,open_cluster,6.919892,17.992778,10.000,4.800,,,ngc
NGC2309,NGC2309,open_cluster,6.934336,-7.174306,10.500,5.400,,,ngc
NGC2310,NGC2310,galaxy,6.898322,-40.862611,11.950,4.520,0.950,46.000,ngc
NGC2311,NGC2311,open_cluster,6.963208,-4.611333,9.600,6.000,,,ngc
NGC2319,NGC2319,open_cluster,7.008947,3.042194,11.760,6.000,,,ngc
NGC2324,NGC2324,open_cluster,7.068878,1.044611,8.830,8.700,,,ngc
NGC2331,NGC2331,open_cluster,7.116619,27.261583,8.500,4.800,,,ngc
NGC2335,NGC2335,open_cluster,7.113736,-10.028639,7.760,8.700,,,ngc
NGC2336,NGC2336,galaxy,7.451125,80.178083,11.190,5.010,2.810,175.000,ngc
NGC2343,NGC2343,open_cluster,7.135222,-10.616806,7.050,7.500,,,ngc
NGC2345,NGC2345,open_cluster,7.138553,-13.193750,8.580,6.900,,,ngc
NGC2353,NGC2353,open_cluster,7.241753,-10.265861,7.300,6.600,,,ngc
NGC2354,NGC2354,open_cluster,7.234797,-25.688917,7.280,4.800,,,ngc
NGC2355,NGC2355,open_cluster,7.283128,13.749861,9.700,6.000,,,ngc
NGC2360,Caroline's Cluster,open_cluster,7.295311,-15.641306,7.620,9.000,,,ngc
NGC2362,NGC2362,open_cluster,7.311519,-24.954194,4.100,7.200,,,ngc
NGC2366,NGC2366,galaxy,7.481850,69.215778,11.560,4.370,1.440,31.000,ngc
NGC2367,NGC2367,open_cluster,7.334594,-21.884083,7.980,5.400,,,ngc
NGC2368,NGC2368,open_cluster,7.351750,-10.371778,11.800,4.500,,,ngc
NGC2374,NGC2374,open_cluster,7.398908,-13.263361,8.460,9.000,,,ngc
NGC2383,NGC2383,open_cluster,7.411083,-20.947639,8.880,4.200,,,ngc
NGC2384,NGC2384,open_cluster,7.419397,-21.019861,7.470,4.800,,,ngc
NGC2395,NGC2395,open_cluster,7.453569,13.608194,8.810,4.620,,,ngc
NGC2396,NGC2396,open_cluster,7.467478,-11.719667,7.400,6.600,,,ngc
NGC2403,NGC2403,galaxy,7.614278,65.602556,8.830,19.950,10.070,126.000,ngc
NGC2409,NGC2409,open_cluster,7.526867,-17.190417,7.480,0.110,,,ngc
NGC2414,NGC2414,open_cluster,7.553556,-15.453861,8.330,5.400,,,ngc
NGC2419,NGC2419,globular_cluster,7.635542,38.879972,10.050,4.500,,,ngc
NGC2420,NGC2420,open_cluster,7.639972,21.574083,9.000,7.500,,,ngc
NGC2421,NGC2421,open_cluster,7.603281,-20.612250,8.690,5.100,,,ngc
NGC2423,NGC2423,open_cluster,7.618536,-13.871500,7.150,11.700,,,ngc
NGC2432,NGC2432,open_cluster,7.681631,-19.069083,10.200,5.400,,,ngc
NGC2439,NGC2439,open_cluster,7.679281,-31.692417,7.310,8.700,,,ngc
NGC2442,NGC2442,galaxy,7.606622,-69.530833,11.440,4.680,3.090,23.000,ngc
NGC2451,NGC2451,open_cluster,7.754169,-37.967444,10.040,37.500,,,ngc
NGC2453,NGC2453,open_cluster,7.792814,-27.194806,8.390,3.000,,,ngc
NGC2455,NGC2455,open_cluster,7.816278,-21.297944,10.200,4.500,,,ngc
NGC2477,NGC2477,open_cluster,7.869383,-38.533250,6.640,18.600,,,ngc
NGC2479,NGC2479,open_cluster,7.918353,-17.707806,9.600,6.300,,,ngc
NGC2482,NGC2482,open_cluster,7.919547,-24.254639,7.710,6.600,,,ngc
NGC2483,NGC2483,open_cluster,7.927442,-27.886833,7.890,3.300,,,ngc
NGC2489,NGC2489,open_cluster,7.937483,-30.060833,8.580,4.200,,,ngc
NGC2506,NGC2506,open_cluster,8.000494,-10.769639,8.280,10.800,,,ngc
NGC2509,NGC2509,open_cluster,8.013283,-19.050528,9.300,4.800,,,ngc
NGC2516,NGC2516,open_cluster,7.968628,-60.753472,3.840,24.300,,,ngc
NGC2520,NGC2520,open_cluster,8.082828,-28.146667,6.810,9.300,,,ngc
NGC2533,NGC2533,open_cluster,8.117806,-29.883861,8.190,4.980,,,ngc
NGC2539,NGC2539,open_cluster,8.176939,-12.820667,7.050,12.300,,,ngc
NGC2546,NGC2546,open_cluster,8.204342,-37.594306,6.460,16.500,,,ngc
NGC2547,NGC2547,open_cluster,8.169303,-49.205667,4.750,7.800,,,ngc
NGC2559,NGC2559,galaxy,8.285019,-27.455833,11.690,2.810,1.340,7.000,ngc
NGC2566,NGC2566,galaxy,8.312683,-25.499528,11.790,3.980,2.750,56.000,ngc
NGC2567,NGC2567,open_cluster,8.309772,-30.635611,7.770,6.000,,,ngc
NGC2571,NGC2571,open_cluster,8.315653,-29.749278,7.160,7.200,,,ngc
NGC2580,NGC2580,open_cluster,8.357750,-30.293472,9.700,3.000,,,ngc
NGC2587,NGC2587,open_cluster,8.390022,-29.508722,9.200,6.000,,,ngc
NGC2588,NGC2588,open_cluster,8.385992,-32.975167,11.800,3.900,,,ngc
NGC2613,NGC2613,galaxy,8.556344,-22.973667,11.110,7.620,1.790,113.000,ngc
NGC2627,NGC2627,open_cluster,8.620817,-29.950417,8.400,5.400,,,ngc
NGC2645,NGC2645,open_cluster,8.650867,-46.227306,7.510,6.600,,,ngc
NGC2655,NGC2655,galaxy,8.927147,78.223083,10.980,3.930,2.060,16.000,ngc
NGC2658,NGC2658,open_cluster,8.724261,-32.656222,9.200,7.200,,,ngc
NGC2659,NGC2659,open_cluster,8.709172,-45.000528,8.750,5.100,,,ngc
NGC2660,NGC2660,open_cluster,8.710553,-47.200667,9.050,3.600,,,ngc
NGC2663,NGC2663,galaxy,8.752292,-33.794750,11.880,3.900,2.750,111.000,ngc
NGC2669,NGC2669,open_cluster,8.772936,-52.947528,6.350,8.400,,,ngc
NGC2670,NGC2670,open_cluster,8.758189,-48.791639,8.310,4.200,,,ngc
NGC2671,NGC2671,open_cluster,8.769969,-41.877167,11.600,5.100,,,ngc
NGC2681,NGC2681,galaxy,8.892428,51.313667,11.150,3.970,3.970,70.000,ngc
NGC2683,NGC2683,galaxy,8.878147,33.421750,9.990,9.480,2.700,44.000,ngc
NGC2768,NGC2768,galaxy,9.193750,60.037222,10.820,5.640,2.240,93.000,ngc
NGC2775,NGC2775,galaxy,9.172256,7.037944,11.140,4.250,3.360,159.000,ngc
NGC2784,NGC2784,galaxy,9.205417,-24.172611,11.240,4.820,1.850,73.000,ngc
NGC2787,NGC2787,galaxy,9.321833,69.203250,11.600,3.240,1.810,114.000,ngc
NGC2805,NGC2805,galaxy,9.339003,64.102778,11.790,3.390,2.760,154.000,ngc
NGC2808,NGC2808,globular_cluster,9.200706,-64.862833,7.770,9.000,,,ngc
NGC2822,NGC2822,galaxy,9.230478,-69.644833,11.620,3.960,2.720,94.000,ngc
NGC2835,NGC2835,galaxy,9.298031,-22.354667,11.060,6.430,3.720,179.000,ngc
NGC2841,NGC2841,galaxy,9.367397,50.976528,10.060,6.900,3.310,147.000,ngc
NGC2859,NGC2859,galaxy,9.405147,34.513500,11.870,3.190,2.780,85.000,ngc
NGC2903,NGC2903,galaxy,9.536142,21.500833,9.530,11.940,5.280,22.000,ngc
NGC2910,NGC2910,open_cluster,9.508061,-52.914000,7.490,4.800,,,ngc
NGC2925,NGC2925,open_cluster,9.553033,-53.395972,8.300,7.500,,,ngc
NGC2950,NGC2950,galaxy,9.709764,58.851278,11.930,2.620,1.650,142.000,ngc
NGC2972,NGC2972,open_cluster,9.669867,-50.320944,10.720,3.600,,,ngc
NGC2974,NGC2974,galaxy,9.709244,-3.699139,11.880,3.480,2.130,44.000,ngc
NGC2976,NGC2976,galaxy,9.787628,67.916389,10.810,5.770,3.010,143.000,ngc
NGC2985,NGC2985,galaxy,9.839508,72.278639,11.210,3.610,2.920,177.000,ngc
NGC2986,NGC2986,galaxy,9.737789,-21.278000,11.690,4.810,3.850,42.000,ngc
NGC2997,NGC2997,galaxy,9.760775,-31.191083,10.040,10.260,6.210,97.000,ngc
NGC3033,NGC3033,open_cluster,9.809733,-56.430056,9.240,4.800,,,ngc
NGC3059,NGC3059,galaxy,9.835600,-73.922194,11.740,3.800,3.560,50.000,ngc
NGC3065,NGC3065,galaxy,10.032006,72.170333,11.760,1.870,1.780,160.000,ngc
NGC3077,NGC3077,galaxy,10.055297,68.733917,10.630,5.210,4.320,49.000,ngc
NGC3079,NGC3079,galaxy,10.032722,55.679778,11.410,8.180,1.290,166.000,ngc
NGC3105,NGC3105,open_cluster,10.010978,-54.787694,10.730,4.080,,,ngc
NGC3109,NGC3109,galaxy,10.051911,-26.159583,10.390,16.000,2.740,93.000,ngc
NGC3114,NGC3114,open_cluster,10.041547,-60.130528,4.470,12.300,,,ngc
NGC3115,Spindle Galaxy,galaxy,10.087217,-7.718583,10.080,7.100,3.010,43.000,ngc
NGC3136,NGC3136,galaxy,10.096711,-67.377972,11.700,4.200,2.940,27.000,ngc
NGC3147,NGC3147,galaxy,10.281569,73.400750,11.260,4.110,3.550,152.000,ngc
NGC3166,NGC3166,galaxy,10.229333,3.424722,11.420,4.500,2.840,87.000,ngc
NGC3169,NGC3169,galaxy,10.237514,3.466083,11.250,4.340,2.650,49.000,ngc
NGC3184,NGC3184,galaxy,10.304683,41.424056,10.410,7.400,7.180,117.000,ngc
NGC3189,NGC3189,galaxy,10.301564,21.832306,11.880,3.640,1.220,124.000,ngc
NGC3193,NGC3193,galaxy,10.306917,21.893972,11.990,2.360,2.160,20.000,ngc
NGC3198,NGC3198,galaxy,10.331931,45.549611,10.900,6.460,1.840,30.000,ngc
NGC3201,NGC3201,globular_cluster,10.293544,-46.411222,9.180,9.600,,,ngc
NGC3223,NGC3223,galaxy,10.359744,-34.266806,11.780,4.280,2.790,132.000,ngc
NGC3227,NGC3227,galaxy,10.391828,19.865056,11.550,3.980,1.860,156.000,ngc
NGC3228,NGC3228,open_cluster,10.356178,-51.722583,6.150,6.600,,,ngc
NGC3239,NGC3239,galaxy,10.418025,17.163583,11.680,3.610,2.710,80.000,ngc
NGC3245,NGC3245,galaxy,10.455108,28.507444,11.660,3.610,2.300,176.000,ngc
NGC3255,NGC3255,open_cluster,10.442044,-60.675194,11.540,4.800,,,ngc
NGC3293,NGC3293,open_cluster,10.596881,-58.224472,4.840,5.100,,,ngc
NGC3310,NGC3310,galaxy,10.646072,53.503389,11.280,1.800,1.730,10.000,ngc
NGC3319,NGC3319,galaxy,10.652628,41.686667,11.770,3.630,1.770,38.000,ngc
NGC3330,NGC3330,open_cluster,10.645953,-54.130722,7.550,5.100,,,ngc
NGC3338,NGC3338,galaxy,10.702094,13.747000,11.440,1.230,0.710,98.000,ngc
NGC3344,NGC3344,galaxy,10.725319,24.922222,10.500,6.700,6.370,150.000,ngc
NGC3348,NGC3348,galaxy,10.786111,72.839667,11.940,2.130,2.130,65.000,ngc
NGC3359,NGC3359,galaxy,10.776906,63.224222,11.070,4.070,2.830,167.000,ngc
NGC3377,NGC3377,galaxy,10.795092,13.985917,11.130,3.870,1.870,36.000,ngc
NGC3384,NGC3384,galaxy,10.804692,12.629278,10.890,5.240,2.370,53.000,ngc
NGC3412,NGC3412,galaxy,10.848133,13.412139,11.440,3.960,2.170,155.000,ngc
NGC3423,NGC3423,galaxy,10.853981,5.840028,11.610,3.560,3.030,4.000,ngc
NGC3432,NGC3432,galaxy,10.875314,36.618778,11.660,7.410,2.080,33.000,ngc
NGC3486,NGC3486,galaxy,11.006631,28.975139,11.070,5.820,4.120,80.000,ngc
NGC3489,NGC3489,galaxy,11.005158,13.901222,11.060,3.440,2.030,70.000,ngc
NGC3496,NGC3496,open_cluster,10.992725,-60.336861,9.020,6.000,,,ngc
NGC3504,NGC3504,galaxy,11.053114,27.972500,11.620,2.480,2.240,150.000,ngc
NGC3511,NGC3511,galaxy,11.056603,-23.086778,11.540,6.040,2.000,76.000,ngc
NGC3513,NGC3513,galaxy,11.062800,-23.245500,11.940,2.810,1.280,113.000,ngc
NGC3519,NGC3519,open_cluster,11.067436,-61.368250,8.050,,,,ngc
NGC3521,NGC3521,galaxy,11.096828,-0.035861,9.900,8.320,4.470,162.000,ngc
NGC3532,Wishing Well Cluster,open_cluster,11.096617,-58.770500,3.280,12.000,,,ngc
NGC3557,NGC3557,galaxy,11.166011,-37.539167,11.410,4.360,3.430,32.000,ngc
NGC3572,NGC3572,open_cluster,11.172000,-60.248361,6.820,4.080,,,ngc
NGC3585,NGC3585,galaxy,11.221414,-26.754833,10.810,6.610,3.270,104.000,ngc
NGC3590,NGC3590,open_cluster,11.216381,-60.789028,8.500,5.100,,,ngc
NGC3593,NGC3593,galaxy,11.243611,12.817667,11.850,4.690,1.850,91.000,ngc
NGC3596,NGC3596,galaxy,11.251725,14.787028,11.790,3.550,3.370,65.000,ngc
NGC3607,NGC3607,galaxy,11.281844,18.051750,10.930,4.590,4.030,120.000,ngc
NGC3608,NGC3608,galaxy,11.283042,18.148694,11.570,3.180,2.670,78.000,ngc
NGC3610,NGC3610,galaxy,11.307019,58.786278,11.630,2.390,2.370,135.000,ngc
NGC3613,NGC3613,galaxy,11.310031,58.000000,11.740,3.550,1.780,100.000,ngc
NGC3621,NGC3621,galaxy,11.304586,-32.814056,10.100,9.790,4.030,161.000,ngc
NGC3626,NGC3626,galaxy,11.334392,18.356833,11.800,2.940,1.940,157.000,ngc
NGC3628,NGC3628,galaxy,11.338047,13.589694,9.970,11.040,3.440,104.000,ngc
NGC3631,NGC3631,galaxy,11.350797,53.169556,10.710,3.720,3.080,118.000,ngc
NGC3640,NGC3640,galaxy,11.351903,3.234833,11.340,4.330,3.810,98.000,ngc
NGC3642,NGC3642,galaxy,11.371636,59.074528,11.710,4.270,3.650,120.000,ngc
NGC3646,NGC3646,galaxy,11.361967,20.169556,11.760,3.090,1.480,45.000,ngc
NGC3665,NGC3665,galaxy,11.412131,38.762861,11.780,4.060,3.000,29.000,ngc
NGC3675,NGC3675,galaxy,11.435717,43.585917,10.960,5.900,3.270,178.000,ngc
NGC3680,NGC3680,open_cluster,11.426967,-43.250111,8.400,5.700,,,ngc
NGC3686,NGC3686,galaxy,11.462214,17.224194,12.000,2.880,2.180,21.000,ngc
NGC3690B,NGC3690B,galaxy,11.476008,58.562944,11.680,2.400,1.860,41.000,ngc
NGC3705,NGC3705,galaxy,11.502072,9.276639,11.760,4.310,1.740,121.000,ngc
NGC3718,NGC3718,galaxy,11.543014,53.067917,11.520,4.700,2.340,9.000,ngc
NGC3726,NGC3726,galaxy,11.555867,47.029194,10.660,5.270,3.540,14.000,ngc
NGC3729,NGC3729,galaxy,11.563700,53.125556,11.720,2.890,2.090,14.000,ngc
NGC3738,NGC3738,galaxy,11.596886,54.523889,11.550,2.260,1.630,156.000,ngc
NGC3766,Pearl Cluster,open_cluster,11.603997,-61.605167,5.660,6.900,,,ngc
NGC3810,NGC3810,galaxy,11.682989,11.471139,11.280,3.350,2.290,28.000,ngc
NGC3877,NGC3877,galaxy,11.768806,47.494333,11.800,5.360,1.230,36.000,ngc
NGC3887,NGC3887,galaxy,11.784603,-16.854611,11.400,3.270,2.570,10.000,ngc
NGC3893,NGC3893,galaxy,11.810608,48.710833,10.820,2.690,1.430,158.000,ngc
NGC3898,NGC3898,galaxy,11.820936,56.084361,11.260,3.470,2.110,107.000,ngc
NGC3904,NGC3904,galaxy,11.820339,-29.276750,11.790,3.470,2.510,11.000,ngc
NGC3923,NGC3923,galaxy,11.850469,-28.806028,10.760,6.890,4.550,48.000,ngc
NGC3938,NGC3938,galaxy,11.880403,44.120722,10.880,3.550,3.440,28.000,ngc
NGC3941,NGC3941,galaxy,11.882044,36.986333,11.280,3.510,2.330,10.000,ngc
NGC3945,NGC3945,galaxy,11.887147,60.675556,11.700,5.550,3.290,15.000,ngc
NGC3949,NGC3949,galaxy,11.894922,47.858694,11.370,2.260,1.320,116.000,ngc
NGC3953,NGC3953,galaxy,11.896922,52.326778,10.480,6.140,3.130,14.000,ngc
NGC3960,NGC3960,open_cluster,11.842558,-55.669833,9.070,6.000,,,ngc
NGC3962,NGC3962,galaxy,11.911139,-13.975028,11.610,4.170,3.000,10.000,ngc
NGC3982,NGC3982,galaxy,11.941147,55.125250,11.810,2.130,1.870,25.000,ngc
NGC3998,NGC3998,galaxy,11.965592,55.453583,11.410,2.780,2.260,139.000,ngc
NGC4026,NGC4026,galaxy,11.990331,50.961694,11.700,4.410,0.870,178.000,ngc
NGC4027,NGC4027,galaxy,11.991714,-19.265222,11.580,3.540,2.800,163.000,ngc
NGC4030,NGC4030,galaxy,12.006564,-1.100083,11.150,3.780,2.650,19.000,ngc
NGC4036,NGC4036,galaxy,12.024097,61.895778,11.540,4.850,2.080,83.000,ngc
NGC4038,Antennae Galaxies,galaxy,12.031392,-18.867611,10.850,5.420,3.780,80.000,ngc
NGC4039,Antennae Galaxies,galaxy,12.031531,-18.886194,11.040,5.360,2.730,50.000,ngc
NGC4041,NGC4041,galaxy,12.036722,62.137222,11.650,2.570,2.390,70.000,ngc
NGC4051,NGC4051,galaxy,12.052669,44.531333,10.770,4.890,4.260,146.000,ngc
NGC4052,NGC4052,open_cluster,12.034775,-63.223472,8.800,5.100,,,ngc
NGC4062,NGC4062,galaxy,12.067731,31.895806,11.890,4.140,1.610,101.000,ngc
NGC4088,NGC4088,galaxy,12.092831,50.539028,11.350,7.010,2.650,44.000,ngc
NGC4096,NGC4096,galaxy,12.100314,47.478444,11.100,5.650,1.430,20.000,ngc
NGC4100,NGC4100,galaxy,12.102347,49.582694,11.710,4.560,1.300,167.000,ngc
NGC4103,NGC4103,open_cluster,12.110992,-61.250083,7.400,7.800,,,ngc
NGC4105,NGC4105,galaxy,12.111325,-29.760222,11.570,4.330,3.410,136.000,ngc
NGC4111,NGC4111,galaxy,12.117536,43.065722,11.670,1.780,0.640,152.000,ngc
NGC4123,NGC4123,galaxy,12.136419,2.878278,11.960,3.180,2.320,125.000,ngc
NGC4125,NGC4125,galaxy,12.135006,65.174139,10.640,5.870,4.580,95.000,ngc
NGC4136,NGC4136,galaxy,12.154914,29.927611,11.900,2.340,2.180,30.000,ngc
NGC4143,NGC4143,galaxy,12.160017,42.534167,11.830,2.730,1.680,144.000,ngc
NGC4145,NGC4145,galaxy,12.167089,39.883861,11.780,4.620,2.110,100.000,ngc
NGC4147,NGC4147,globular_cluster,12.168381,18.542139,11.450,2.400,,,ngc
NGC4151,NGC4151,galaxy,12.175717,39.405722,11.360,2.880,2.210,50.000,ngc
NGC4178,NGC4178,galaxy,12.212903,10.865972,11.920,4.660,1.240,32.000,ngc
NGC4179,NGC4179,galaxy,12.214475,1.299694,11.860,4.480,1.220,146.000,ngc
NGC4203,NGC4203,galaxy,12.251406,33.197333,11.720,3.420,1.430,10.000,ngc
NGC4208,NGC4208,galaxy,12.260933,13.901500,11.780,2.800,1.690,74.000,ngc
NGC4214,NGC4214,galaxy,12.260881,36.326889,10.210,6.790,5.280,128.000,ngc
NGC4216,NGC4216,galaxy,12.265122,13.149389,10.870,7.820,1.840,20.000,ngc
NGC4230,NGC4230,open_cluster,12.285936,-55.286139,9.400,5.400,,,ngc
NGC4236,NGC4236,galaxy,12.278367,69.462583,10.060,23.500,6.850,161.000,ngc
NGC4242,NGC4242,galaxy,12.291717,45.619306,11.590,3.800,2.670,23.000,ngc
NGC4244,NGC4244,galaxy,12.291572,37.807111,10.440,16.220,7.240,45.000,ngc
NGC4251,NGC4251,galaxy,12.302292,28.175389,11.630,2.340,1.230,100.000,ngc
NGC4261,NGC4261,galaxy,12.323117,5.825222,11.180,4.250,3.350,160.000,ngc
NGC4267,NGC4267,galaxy,12.329233,12.798278,11.820,2.550,1.760,143.000,ngc
NGC4274,NGC4274,galaxy,12.330719,29.614472,11.320,3.630,1.700,102.000,ngc
NGC4278,NGC4278,galaxy,12.335228,29.280750,11.040,2.890,2.830,35.000,ngc
NGC4293,NGC4293,galaxy,12.353581,18.382389,11.070,6.240,3.720,72.000,ngc
NGC4298,NGC4298,galaxy,12.359100,14.606167,11.940,2.540,1.400,137.000,ngc
NGC4314,NGC4314,galaxy,12.375506,29.895889,11.420,3.700,3.560,150.000,ngc
NGC4337,NGC4337,open_cluster,12.400919,-58.123778,9.440,6.600,,,ngc
NGC4349,NGC4349,open_cluster,12.401678,-61.870444,8.010,6.300,,,ngc
NGC4350,NGC4350,galaxy,12.399408,16.693417,11.810,2.800,1.330,28.000,ngc
NGC4365,NGC4365,galaxy,12.407856,7.317667,10.500,5.120,3.660,40.000,ngc
NGC4371,NGC4371,galaxy,12.415397,11.704222,11.680,3.880,1.810,96.000,ngc
NGC4372,NGC4372,globular_cluster,12.429272,-72.659083,10.860,12.000,,,ngc
NGC4373,NGC4373,galaxy,12.421617,-39.759722,11.900,3.980,2.110,54.000,ngc
NGC4388,NGC4388,galaxy,12.429653,12.662083,11.730,5.380,1.290,91.000,ngc
NGC4394,NGC4394,galaxy,12.432092,18.214056,11.630,3.480,3.350,145.000,ngc
NGC4395,NGC4395,galaxy,12.430239,33.546917,10.840,4.170,1.390,128.000,ngc
NGC4414,NGC4414,galaxy,12.440861,31.223528,10.990,1.950,1.120,162.000,ngc
NGC4417,NGC4417,galaxy,12.447392,9.584250,11.950,3.090,1.090,49.000,ngc
NGC4419,NGC4419,galaxy,12.449011,15.047389,11.980,3.890,1.300,133.000,ngc
NGC4429,NGC4429,galaxy,12.457364,11.107722,10.880,5.300,2.420,98.000,ngc
NGC4435,Eyes,galaxy,12.461247,13.078944,11.530,3.030,2.140,12.000,ngc
NGC4438,Eyes,galaxy,12.462664,13.008833,10.970,9.160,4.020,27.000,ngc
NGC4439,NGC4439,open_cluster,12.473986,-60.103222,8.730,4.500,,,ngc
NGC4442,NGC4442,galaxy,12.467744,9.803722,11.320,4.320,1.610,87.000,ngc
NGC4449,NGC4449,galaxy,12.469750,44.093639,9.500,4.660,2.710,51.000,ngc
NGC4450,NGC4450,galaxy,12.474897,17.084944,10.810,5.460,3.780,173.000,ngc
NGC4457,NGC4457,galaxy,12.483058,3.570583,11.420,2.790,2.370,79.000,ngc
NGC4459,NGC4459,galaxy,12.483336,13.978361,11.300,4.170,3.160,109.000,ngc
NGC4461,NGC4461,galaxy,12.484169,13.183750,11.920,3.610,1.230,8.000,ngc
NGC4463,NGC4463,open_cluster,12.498672,-64.789667,7.620,4.800,,,ngc
NGC4469,NGC4469,galaxy,12.491119,8.749917,12.000,2.860,1.050,87.000,ngc
NGC4473,NGC4473,galaxy,12.496908,13.429361,11.050,4.270,2.510,100.000,ngc
NGC4477,NGC4477,galaxy,12.500611,13.636611,11.270,3.700,3.220,26.000,ngc
NGC4487,NGC4487,galaxy,12.517906,-8.053917,11.780,3.460,1.900,74.000,ngc
NGC4490,NGC4490,galaxy,12.510067,41.643889,9.760,6.710,1.650,133.000,ngc
NGC4494,NGC4494,galaxy,12.523361,25.775250,10.680,4.350,4.130,173.000,ngc
NGC4503,NGC4503,galaxy,12.535064,11.176417,11.950,3.480,1.580,12.000,ngc
NGC4517,NGC4517,galaxy,12.545997,0.115028,11.190,9.020,1.420,84.000,ngc
NGC4526,NGC4526,galaxy,12.567525,7.699528,10.550,6.950,2.470,138.000,ngc
NGC4527,NGC4527,galaxy,12.569006,2.653667,11.330,6.300,1.720,69.000,ngc
NGC4535,NGC4535,galaxy,12.572308,8.197750,10.560,8.150,7.480,27.000,ngc
NGC4536,NGC4536,galaxy,12.574181,2.188139,11.070,7.080,2.550,121.000,ngc
NGC4546,NGC4546,galaxy,12.591531,-3.793194,11.340,3.160,1.760,90.000,ngc
NGC4559,NGC4559,galaxy,12.599347,27.960000,10.280,10.570,4.820,148.000,ngc
NGC4564,NGC4564,galaxy,12.607494,11.439278,11.950,3.130,1.680,48.000,ngc
NGC4565,Needle Galaxy,galaxy,12.605772,25.987667,10.050,16.750,2.890,135.000,ngc
NGC4567,Butterfly Galaxies,galaxy,12.609086,11.258000,11.930,2.740,2.150,89.000,ngc
NGC4568,Butterfly Galaxies,galaxy,12.609517,11.238889,11.620,4.310,1.870,29.000,ngc
NGC4570,NGC4570,galaxy,12.614833,7.246639,11.710,3.880,0.940,160.000,ngc
NGC4571,NGC4571,galaxy,12.615661,14.217361,11.920,3.560,3.310,35.000,ngc
NGC4589,NGC4589,galaxy,12.623608,74.191917,11.700,2.930,2.310,84.000,ngc
NGC4593,NGC4593,galaxy,12.660953,-5.344250,11.880,2.400,2.040,38.000,ngc
NGC4596,NGC4596,galaxy,12.665542,10.176139,11.300,3.930,3.300,120.000,ngc
NGC4605,NGC4605,galaxy,12.666494,61.609194,10.820,5.870,2.290,122.000,ngc
NGC4608,NGC4608,galaxy,12.687025,10.155667,11.910,2.880,2.490,25.000,ngc
NGC4609,Coalsack Cluster,open_cluster,12.704675,-62.995750,7.320,5.400,,,ngc
NGC4618,NGC4618,galaxy,12.692458,41.150778,11.310,3.560,2.290,32.000,ngc
NGC4631,Whale Galaxy,galaxy,12.702225,32.541500,9.470,14.450,2.200,86.000,ngc
NGC4636,NGC4636,galaxy,12.713842,2.687778,10.040,6.350,4.700,150.000,ngc
NGC4643,NGC4643,galaxy,12.722261,1.978278,11.220,2.240,1.750,132.000,ngc
NGC4647,NGC4647,galaxy,12.725642,11.581861,11.600,2.750,2.360,139.000,ngc
NGC4651,Umbrella Galaxy,galaxy,12.728508,16.393389,11.370,3.870,2.580,77.000,ngc
NGC4654,NGC4654,galaxy,12.732383,13.126667,11.090,4.720,2.490,123.000,ngc
NGC4656NED01,NGC4656NED01,galaxy,12.732686,32.170250,9.820,6.460,0.660,36.000,ngc
NGC4664,NGC4664,galaxy,12.751664,3.055778,11.120,4.520,4.520,5.000,ngc
NGC4666,NGC4666,galaxy,12.752386,-0.461889,11.460,4.970,1.970,40.000,ngc
NGC4689,NGC4689,galaxy,12.795989,13.762806,11.550,3.820,2.860,163.000,ngc
NGC4691,NGC4691,galaxy,12.803786,-3.332722,11.520,3.030,2.460,28.000,ngc
NGC4696,NGC4696,galaxy,12.813681,-41.310833,11.590,3.850,2.560,88.000,ngc
NGC4697,NGC4697,galaxy,12.809967,-5.800750,10.250,7.140,4.160,83.000,ngc
NGC4698,NGC4698,galaxy,12.806364,8.487389,11.480,3.810,1.550,170.000,ngc
NGC4699,NGC4699,galaxy,12.817286,-8.664861,10.380,3.990,3.020,35.000,ngc
NGC4710,NGC4710,galaxy,12.827453,15.165444,11.600,4.390,1.130,26.000,ngc
NGC4725,NGC4725,galaxy,12.840717,25.500806,9.920,9.710,7.100,36.000,ngc
NGC4731,NGC4731,galaxy,12.850303,-6.393056,11.880,6.320,2.140,97.000,ngc
NGC4750,NGC4750,galaxy,12.835353,72.874639,11.790,2.400,2.060,142.000,ngc
NGC4753,NGC4753,galaxy,12.872808,-1.199694,10.570,6.490,3.060,86.000,ngc
NGC4754,NGC4754,galaxy,12.871528,11.313889,11.400,4.160,1.950,22.000,ngc
NGC4762,NGC4762,galaxy,12.882236,11.230806,11.030,8.260,3.520,32.000,ngc
NGC4772,NGC4772,galaxy,12.891433,2.168389,11.890,4.120,2.000,155.000,ngc
NGC4775,NGC4775,galaxy,12.896028,-6.622167,11.530,2.220,1.960,59.000,ngc
NGC4781,NGC4781,galaxy,12.906597,-10.537194,11.460,3.660,1.480,120.000,ngc
NGC4815,NGC4815,open_cluster,12.966214,-64.961750,9.610,3.900,,,ngc
NGC4818,NGC4818,galaxy,12.946917,-8.525306,12.000,4.270,1.280,178.000,ngc
NGC4833,NGC4833,globular_cluster,12.993039,-70.874583,8.720,8.400,,,ngc
NGC4845,NGC4845,galaxy,12.966997,1.575833,11.900,5.500,1.200,82.000,ngc
NGC4852,NGC4852,open_cluster,13.001219,-59.609444,8.900,5.400,,,ngc
NGC4856,NGC4856,galaxy,12.989242,-15.042167,11.440,4.250,1.570,38.000,ngc
NGC4866,NGC4866,galaxy,12.990872,14.171056,12.000,5.770,0.980,88.000,ngc
NGC4900,NGC4900,galaxy,13.010864,2.501444,11.890,2.130,2.020,150.000,ngc
NGC4902,NGC4902,galaxy,13.016592,-14.513639,11.800,2.630,2.370,78.000,ngc
NGC4936,NGC4936,galaxy,13.071358,-30.526250,11.950,2.850,2.430,6.000,ngc
NGC4939,NGC4939,galaxy,13.070664,-10.339611,11.890,5.710,2.300,6.000,ngc
NGC4941,NGC4941,galaxy,13.070317,-5.551611,11.900,3.290,2.700,23.000,ngc
NGC4945,NGC4945,galaxy,13.090967,-49.468222,9.280,23.330,4.030,44.000,ngc
NGC4958,NGC4958,galaxy,13.096911,-8.020278,11.490,4.790,1.200,7.000,ngc
NGC4976,NGC4976,galaxy,13.143758,-49.506417,10.970,5.830,3.270,161.000,ngc
NGC4995,NGC4995,galaxy,13.161292,-7.833417,11.920,2.430,1.490,99.000,ngc
NGC5005,NGC5005,galaxy,13.182286,37.059194,10.540,4.820,1.520,70.000,ngc
NGC5018,NGC5018,galaxy,13.216953,-19.518194,11.680,3.490,2.170,99.000,ngc
NGC5033,NGC5033,galaxy,13.224297,36.593944,10.700,9.840,4.580,172.000,ngc
NGC5044,NGC5044,galaxy,13.256658,-16.385528,11.580,3.660,3.170,41.000,ngc
NGC5053,NGC5053,globular_cluster,13.274164,17.697750,9.960,4.800,,,ngc
NGC5054,NGC5054,galaxy,13.282914,-16.634861,11.640,5.040,2.900,171.000,ngc
NGC5061,NGC5061,galaxy,13.301408,-26.837222,11.210,3.750,3.050,109.000,ngc
NGC5068,NGC5068,galaxy,13.315225,-21.039111,10.640,7.480,6.700,138.000,ngc
NGC5084,NGC5084,galaxy,13.338033,-21.827583,11.600,9.930,2.460,80.000,ngc
NGC5101,NGC5101,galaxy,13.362844,-27.430528,11.570,5.900,5.520,123.000,ngc
NGC5102,NGC5102,galaxy,13.366003,-36.630250,10.260,9.710,3.710,49.000,ngc
NGC5120,NGC5120,open_cluster,13.427614,-63.458333,11.680,,,,ngc
NGC5128,Centaurus A,galaxy,13.424339,-43.019111,7.790,25.880,19.770,33.000,ngc
NGC5138,NGC5138,open_cluster,13.454225,-59.040944,6.120,4.200,,,ngc
NGC5139,Omega Centauri,globular_cluster,13.446081,-47.476861,6.120,27.000,,,ngc
NGC5168,NGC5168,open_cluster,13.518125,-60.939222,9.550,4.200,,,ngc
NGC5195,NGC5195,galaxy,13.499886,47.266139,10.500,5.500,4.360,79.000,ngc
NGC5204,NGC5204,galaxy,13.493475,58.418722,11.720,4.500,2.820,5.000,ngc
NGC5206,NGC5206,galaxy,13.562217,-48.151167,11.930,4.260,2.810,28.000,ngc
NGC5247,NGC5247,galaxy,13.634178,-17.884028,10.770,5.320,4.260,170.000,ngc
NGC5248,NGC5248,galaxy,13.625561,8.885167,10.880,4.070,2.380,120.000,ngc
NGC5253,NGC5253,galaxy,13.665544,-31.640111,10.800,5.010,2.120,43.000,ngc
NGC5281,NGC5281,open_cluster,13.776431,-62.916528,6.150,6.900,,,ngc
NGC5286,NGC5286,globular_cluster,13.774050,-51.373472,9.180,6.600,,,ngc
NGC5288,NGC5288,open_cluster,13.812483,-64.685389,11.800,3.600,,,ngc
NGC5316,NGC5316,open_cluster,13.899228,-61.869111,6.080,9.900,,,ngc
NGC5322,NGC5322,galaxy,13.820908,60.190528,11.050,5.620,3.490,95.000,ngc
NGC5353,NGC5353,galaxy,13.890747,40.283028,11.990,2.370,1.180,152.000,ngc
NGC5363,NGC5363,galaxy,13.935336,5.254778,11.100,4.170,2.750,133.000,ngc
NGC5364,NGC5364,galaxy,13.936667,5.014472,11.190,3.800,1.660,45.000,ngc
NGC5371,NGC5371,galaxy,13.927761,40.461750,11.280,3.980,2.450,7.000,ngc
NGC5419,NGC5419,galaxy,14.060758,-33.978250,11.900,3.980,2.950,78.000,ngc
NGC5427,NGC5427,galaxy,14.057236,-6.030806,11.960,3.610,3.270,178.000,ngc
NGC5460,NGC5460,open_cluster,14.124392,-48.342528,5.850,13.200,,,ngc
NGC5466,NGC5466,globular_cluster,14.090933,28.534500,10.500,6.600,,,ngc
NGC5474,NGC5474,galaxy,14.083781,53.662222,11.480,2.390,1.570,100.000,ngc
NGC5483,NGC5483,galaxy,14.173619,-43.324611,11.930,3.420,3.080,16.000,ngc
NGC5530,NGC5530,galaxy,14.307542,-43.388583,11.820,4.860,2.180,127.000,ngc
NGC5557,NGC5557,galaxy,14.307144,36.493556,11.930,2.280,1.120,97.000,ngc
NGC5566,NGC5566,galaxy,14.338858,3.933750,11.420,5.360,2.080,35.000,ngc
NGC5576,NGC5576,galaxy,14.351022,3.271000,11.790,2.830,1.870,91.000,ngc
NGC5585,NGC5585,galaxy,14.330056,56.729056,11.390,4.270,2.620,33.000,ngc
NGC5606,NGC5606,open_cluster,14.463133,-59.632250,7.950,3.600,,,ngc
NGC5617,NGC5617,open_cluster,14.495575,-60.710833,7.000,5.100,,,ngc
NGC5634,NGC5634,globular_cluster,14.493689,-5.976417,10.690,4.500,,,ngc
NGC5643,NGC5643,galaxy,14.544650,-44.174417,10.790,5.270,4.600,88.000,ngc
NGC5662,NGC5662,open_cluster,14.593772,-56.618083,6.180,8.100,,,ngc
NGC5676,NGC5676,galaxy,14.546347,49.457889,11.870,3.590,1.610,46.000,ngc
NGC5694,NGC5694,globular_cluster,14.660142,-26.538333,11.580,3.300,,,ngc
NGC5713,NGC5713,galaxy,14.669864,-0.288972,11.620,2.470,1.700,11.000,ngc
NGC5715,NGC5715,open_cluster,14.724914,-57.577028,9.800,3.600,,,ngc
NGC5746,NGC5746,galaxy,14.748867,1.955000,11.340,7.240,1.080,172.000,ngc
NGC5749,NGC5749,open_cluster,14.814983,-54.497694,8.800,7.200,,,ngc
NGC5813,NGC5813,galaxy,15.019786,1.701972,11.520,4.130,2.700,143.000,ngc
NGC5822,NGC5822,open_cluster,15.072569,-54.396417,6.500,18.000,,,ngc
NGC5823,NGC5823,open_cluster,15.091842,-55.603750,8.610,3.900,,,ngc
NGC5824,NGC5824,globular_cluster,15.066289,-33.068139,10.280,5.100,,,ngc
NGC5838,NGC5838,galaxy,15.090628,2.099333,11.790,3.860,1.290,40.000,ngc
NGC5846,NGC5846,galaxy,15.108133,1.605611,11.100,4.270,4.050,35.000,ngc
NGC5850,NGC5850,galaxy,15.118803,1.544250,11.890,3.350,2.370,119.000,ngc
NGC5866,NGC5866,galaxy,15.108194,55.763222,10.740,6.310,2.720,126.000,ngc
NGC5897,NGC5897,globular_cluster,15.290111,-21.010111,10.160,9.900,,,ngc
NGC5907,NGC5907,galaxy,15.264936,56.328778,11.070,11.300,1.750,156.000,ngc
NGC5921,NGC5921,galaxy,15.365711,5.070528,11.680,3.020,2.030,137.000,ngc
NGC5925,NGC5925,open_cluster,15.457450,-54.528778,8.400,4.800,,,ngc
NGC5927,NGC5927,globular_cluster,15.466786,-50.672778,10.130,6.600,,,ngc
NGC5946,NGC5946,globular_cluster,15.591269,-50.659722,11.980,3.600,,,ngc
NGC5970,NGC5970,galaxy,15.641658,12.186611,12.000,2.770,1.910,88.000,ngc
NGC5982,NGC5982,galaxy,15.644397,59.355833,11.980,3.070,2.000,110.000,ngc
NGC5985,NGC5985,galaxy,15.660303,59.331944,11.950,3.980,2.010,15.000,ngc
NGC5986,NGC5986,globular_cluster,15.767622,-37.786139,6.920,5.400,,,ngc
NGC5999,NGC5999,open_cluster,15.869064,-56.472806,9.000,3.300,,,ngc
NGC6005,NGC6005,open_cluster,15.930194,-57.437389,11.900,4.200,,,ngc
NGC6015,NGC6015,galaxy,15.857008,62.310028,11.610,5.810,2.570,28.000,ngc
NGC6025,NGC6025,open_cluster,16.054942,-60.431361,5.260,11.400,,,ngc
NGC6031,NGC6031,open_cluster,16.126494,-54.014944,8.920,4.800,,,ngc
NGC6067,NGC6067,open_cluster,16.219736,-54.218944,6.210,8.100,,,ngc
NGC6087,S Nor Cluster,open_cluster,16.314050,-57.934583,5.850,10.200,,,ngc
NGC6101,NGC6101,globular_cluster,16.430158,-72.201556,10.900,4.500,,,ngc
NGC6115,NGC6115,open_cluster,16.407328,-51.948250,10.290,,,,ngc
NGC6124,NGC6124,open_cluster,16.422239,-40.653694,6.700,13.500,,,ngc
NGC6134,NGC6134,open_cluster,16.462917,-49.151167,7.890,6.900,,,ngc
NGC6139,NGC6139,globular_cluster,16.461253,-38.849750,11.030,4.500,,,ngc
NGC6144,NGC6144,globular_cluster,16.453928,-26.024722,10.550,5.400,,,ngc
NGC6152,NGC6152,open_cluster,16.546006,-52.644000,8.100,6.600,,,ngc
NGC6167,NGC6167,open_cluster,16.576383,-49.771889,7.580,7.200,,,ngc
NGC6169,NGC6169,open_cluster,16.567953,-44.045639,6.600,4.200,,,ngc
NGC6178,NGC6178,open_cluster,16.596458,-45.643750,7.280,6.900,,,ngc
NGC6192,NGC6192,open_cluster,16.673297,-43.366806,8.500,7.500,,,ngc
NGC6200,NGC6200,open_cluster,16.735375,-47.462667,7.740,8.100,,,ngc
NGC6204,NGC6204,open_cluster,16.769306,-47.016972,8.510,4.500,,,ngc
NGC6207,NGC6207,galaxy,16.717708,36.832417,11.860,3.460,1.610,17.000,ngc
NGC6208,NGC6208,open_cluster,16.824497,-53.728333,8.060,8.400,,,ngc
NGC6215,NGC6215,galaxy,16.851892,-58.993472,11.890,2.640,2.340,83.000,ngc
NGC6216,NGC6216,open_cluster,16.823225,-44.731528,10.100,4.200,,,ngc
NGC6217,NGC6217,galaxy,16.544222,78.198167,11.880,2.240,1.630,155.000,ngc
NGC6221,NGC6221,galaxy,16.879467,-59.218611,10.730,4.840,3.150,1.000,ngc
NGC6229,NGC6229,globular_cluster,16.783017,47.527806,9.380,4.800,,,ngc
NGC6231,NGC6231,open_cluster,16.903033,-41.824250,2.830,13.800,,,ngc
NGC6235,NGC6235,globular_cluster,16.890378,-22.177444,11.990,4.200,,,ngc
NGC6242,NGC6242,open_cluster,16.925956,-39.460944,7.090,6.600,,,ngc
NGC6249,NGC6249,open_cluster,16.961528,-44.811889,8.720,7.600,,,ngc
NGC6253,NGC6253,open_cluster,16.984758,-52.708806,10.200,6.000,,,ngc
NGC6259,NGC6259,open_cluster,17.012611,-44.654972,8.850,6.000,,,ngc
NGC6268,NGC6268,open_cluster,17.036219,-39.728222,9.500,6.000,,,ngc
NGC6281,NGC6281,open_cluster,17.078139,-37.985222,5.780,10.200,,,ngc
NGC6284,NGC6284,globular_cluster,17.074653,-24.764333,10.720,6.600,,,ngc
NGC6287,NGC6287,globular_cluster,17.085928,-22.708000,11.490,5.400,,,ngc
NGC6293,NGC6293,globular_cluster,17.169558,-26.581750,9.960,4.500,,,ngc
NGC6300,NGC6300,galaxy,17.283186,-62.820556,10.960,5.330,3.370,119.000,ngc
NGC6304,NGC6304,globular_cluster,17.242364,-29.462278,10.330,3.600,,,ngc
NGC6316,NGC6316,globular_cluster,17.277058,-28.140028,10.330,4.800,,,ngc
NGC6318,NGC6318,open_cluster,17.269886,-39.424972,11.800,3.300,,,ngc
NGC6322,NGC6322,open_cluster,17.307164,-42.934028,6.320,6.300,,,ngc
NGC6325,NGC6325,globular_cluster,17.299797,-23.766028,11.490,4.020,,,ngc
NGC6340,NGC6340,galaxy,17.173569,72.304444,11.970,3.040,2.880,155.000,ngc
NGC6342,NGC6342,globular_cluster,17.352817,-19.587417,11.250,6.600,,,ngc
NGC6352,NGC6352,globular_cluster,17.424767,-48.422694,9.950,7.200,,,ngc
NGC6356,NGC6356,globular_cluster,17.393053,-17.813028,10.010,5.400,,,ngc
NGC6362,NGC6362,globular_cluster,17.531900,-67.047861,9.720,8.400,,,ngc
NGC6374,NGC6374,open_cluster,17.578483,-32.581361,5.560,6.900,,,ngc
NGC6384,NGC6384,galaxy,17.540083,7.060278,11.620,2.450,1.110,20.000,ngc
NGC6388,NGC6388,globular_cluster,17.604842,-44.735611,7.400,8.400,,,ngc
NGC6396,NGC6396,open_cluster,17.626761,-35.025861,9.410,3.300,,,ngc
NGC6397,NGC6397,globular_cluster,17.678156,-53.673694,7.390,15.300,,,ngc
NGC6400,NGC6400,open_cluster,17.670222,-36.947722,8.800,6.000,,,ngc
NGC6401,NGC6401,globular_cluster,17.643592,-23.908778,11.310,4.500,,,ngc
NGC6404,NGC6404,open_cluster,17.660378,-33.246722,10.600,4.200,,,ngc
NGC6425,NGC6425,open_cluster,17.783800,-31.529389,7.900,4.800,,,ngc
NGC6441,NGC6441,globular_cluster,17.836900,-37.051083,9.260,4.800,,,ngc
NGC6451,NGC6451,open_cluster,17.844622,-30.211611,8.200,7.200,,,ngc
NGC6453,NGC6453,globular_cluster,17.847697,-34.599889,10.490,5.400,,,ngc
NGC6469,NGC6469,open_cluster,17.886703,-22.275111,8.200,9.000,,,ngc
NGC6496,NGC6496,globular_cluster,17.984361,-44.266306,9.960,4.620,,,ngc
NGC6503,NGC6503,galaxy,17.824008,70.144361,10.860,5.940,1.980,123.000,ngc
NGC6507,NGC6507,open_cluster,17.997442,-17.450278,9.600,4.800,,,ngc
NGC6517,NGC6517,globular_cluster,18.030664,-8.959500,11.080,4.800,,,ngc
NGC6520,NGC6520,open_cluster,18.056706,-27.886111,7.600,5.400,,,ngc
NGC6522,NGC6522,globular_cluster,18.059464,-30.033972,10.680,3.900,,,ngc
NGC6535,NGC6535,globular_cluster,18.064081,-0.296917,11.350,3.600,,,ngc
NGC6541,NGC6541,globular_cluster,18.133981,-43.715889,8.060,7.500,,,ngc
NGC6544,NGC6544,globular_cluster,18.122222,-24.998361,11.360,6.000,,,ngc
NGC6546,NGC6546,open_cluster,18.122931,-23.296222,8.650,6.900,,,ngc
NGC6553,NGC6553,globular_cluster,18.154856,-25.907861,9.080,5.400,,,ngc
NGC6568,NGC6568,open_cluster,18.212292,-21.628028,8.600,7.800,,,ngc
NGC6569,NGC6569,globular_cluster,18.227408,-31.827667,10.780,4.500,,,ngc
NGC6583,NGC6583,open_cluster,18.263592,-22.137639,10.000,3.600,,,ngc
NGC6584,NGC6584,globular_cluster,18.310458,-52.215167,10.320,5.100,,,ngc
NGC6603,NGC6603,open_cluster,18.307492,-18.406056,11.100,4.200,,,ngc
NGC6604,NGC6604,open_cluster,18.300822,-12.243111,7.060,9.600,,,ngc
NGC6605,NGC6605,open_cluster,18.272689,-15.015194,6.000,6.300,,,ngc
NGC6625,NGC6625,open_cluster,18.379806,-11.955000,9.000,6.000,,,ngc
NGC6631,NGC6631,open_cluster,18.453156,-12.031222,11.700,5.700,,,ngc
NGC6633,NGC6633,open_cluster,18.454231,6.508222,5.010,12.000,,,ngc
NGC6638,NGC6638,globular_cluster,18.515625,-25.496417,10.810,4.200,,,ngc
NGC6642,NGC6642,globular_cluster,18.531728,-23.476139,11.300,3.900,,,ngc
NGC6643,NGC6643,galaxy,18.329558,74.568361,11.760,3.320,1.630,37.000,ngc
NGC6645,NGC6645,open_cluster,18.543861,-16.883889,8.500,5.400,,,ngc
NGC6647,NGC6647,open_cluster,18.547039,-17.228667,8.000,3.600,,,ngc
NGC6649,NGC6649,open_cluster,18.557767,-10.402806,10.350,5.580,,,ngc
NGC6652,NGC6652,globular_cluster,18.596042,-32.990306,10.640,5.100,,,ngc
NGC6664,NGC6664,open_cluster,18.609264,-8.220750,8.810,6.000,,,ngc
NGC6683,NGC6683,open_cluster,18.703881,-6.212250,9.930,3.000,,,ngc
NGC6684,NGC6684,galaxy,18.816078,-65.173444,11.310,4.190,2.960,29.000,ngc
NGC6704,NGC6704,open_cluster,18.846047,-5.205417,10.000,3.300,,,ngc
NGC6709,NGC6709,open_cluster,18.855261,10.318750,7.180,8.700,,,ngc
NGC6712,NGC6712,globular_cluster,18.884692,-8.705472,9.850,5.700,,,ngc
NGC6716,NGC6716,open_cluster,18.909547,-19.901083,7.700,7.200,,,ngc
NGC6717,NGC6717,globular_cluster,18.918344,-22.701611,11.290,3.900,,,ngc
NGC6743,NGC6743,open_cluster,19.022408,29.277472,8.200,6.900,,,ngc
NGC6744,NGC6744,galaxy,19.162806,-63.857528,9.140,15.670,9.750,15.000,ngc
NGC6752,NGC6752,globular_cluster,19.181050,-59.981861,6.960,13.200,,,ngc
NGC6753,NGC6753,galaxy,19.189900,-57.049556,11.910,2.970,2.600,25.000,ngc
NGC6755,NGC6755,open_cluster,19.130292,4.266417,8.600,6.000,,,ngc
NGC6756,NGC6756,open_cluster,19.145158,4.705778,10.600,3.600,,,ngc
NGC6760,NGC6760,globular_cluster,19.186683,1.030472,11.370,5.400,,,ngc
NGC6791,NGC6791,open_cluster,19.348117,37.771889,10.520,6.300,,,ngc
NGC6802,NGC6802,open_cluster,19.509733,20.260972,10.070,4.500,,,ngc
NGC6811,NGC6811,open_cluster,19.621642,46.388833,7.470,7.200,,,ngc
NGC6819,Foxhead Cluster,open_cluster,19.688358,40.186750,8.210,6.900,,,ngc
NGC6822,Barnard's Galaxy,galaxy,19.749372,-14.803444,9.360,17.380,16.750,27.000,ngc
NGC6830,NGC6830,open_cluster,19.849883,23.100139,8.410,4.200,,,ngc
NGC6834,NGC6834,open_cluster,19.870156,29.408167,8.460,4.500,,,ngc
NGC6866,NGC6866,open_cluster,20.065328,44.159111,8.040,5.100,,,ngc
NGC6868,NGC6868,galaxy,20.165019,-48.379556,11.660,3.580,3.130,81.000,ngc
NGC6871,NGC6871,open_cluster,20.099844,35.777250,5.430,9.300,,,ngc
NGC6876,NGC6876,galaxy,20.305319,-70.858806,11.940,3.460,3.000,110.000,ngc
NGC6883,NGC6883,open_cluster,20.188819,35.832194,8.000,4.500,,,ngc
NGC6902,NGC6902,galaxy,20.407817,-43.653528,11.980,2.690,2.110,158.000,ngc
NGC6907,NGC6907,galaxy,20.418508,-24.809167,11.920,3.330,2.680,67.000,ngc
NGC6910,NGC6910,open_cluster,20.386681,40.778611,7.130,6.300,,,ngc
NGC6934,NGC6934,globular_cluster,20.569858,7.404111,10.480,5.400,,,ngc
NGC6939,NGC6939,open_cluster,20.525036,60.662083,8.850,12.000,,,ngc
NGC6940,NGC6940,open_cluster,20.574081,28.282722,6.980,10.800,,,ngc
NGC6946,Fireworks Galaxy,galaxy,20.581200,60.153917,9.760,11.400,10.840,52.000,ngc
NGC6951,NGC6951,galaxy,20.620581,66.105639,11.960,3.190,2.090,149.000,ngc
NGC7006,NGC7006,globular_cluster,21.024792,16.187528,10.460,4.200,,,ngc
NGC7031,NGC7031,open_cluster,21.120153,50.875556,10.010,3.900,,,ngc
NGC7039,NGC7039,open_cluster,21.179944,45.621806,8.060,7.800,,,ngc
NGC7044,NGC7044,open_cluster,21.219281,42.496194,12.000,6.000,,,ngc
NGC7049,NGC7049,galaxy,21.316750,-48.562167,11.670,3.940,2.690,64.000,ngc
NGC7062,NGC7062,open_cluster,21.390967,46.378528,8.990,3.600,,,ngc
NGC7063,NGC7063,open_cluster,21.406028,36.487500,7.320,6.300,,,ngc
NGC7067,NGC7067,open_cluster,21.406422,48.009250,10.640,2.400,,,ngc
NGC7082,NGC7082,open_cluster,21.488261,47.126278,7.700,9.000,,,ngc
NGC7083,NGC7083,galaxy,21.595747,-63.902833,11.900,3.560,1.980,6.000,ngc
NGC7086,NGC7086,open_cluster,21.507653,51.600528,9.250,4.800,,,ngc
NGC7090,NGC7090,galaxy,21.608017,-54.557333,11.310,8.150,1.630,128.000,ngc
NGC7128,NGC7128,open_cluster,21.732725,53.715139,10.540,3.000,,,ngc
NGC7142,NGC7142,open_cluster,21.752642,65.774444,10.360,9.600,,,ngc
NGC7144,NGC7144,galaxy,21.878453,-48.253750,11.690,3.410,3.200,10.000,ngc
NGC7160,NGC7160,open_cluster,21.894519,62.603306,6.340,4.200,,,ngc
NGC7177,NGC7177,galaxy,22.011456,17.738056,11.860,2.850,1.930,87.000,ngc
NGC7184,NGC7184,galaxy,22.044394,-20.812833,11.700,5.980,1.260,61.000,ngc
NGC7205,NGC7205,galaxy,22.142858,-57.442583,11.560,3.700,1.710,63.000,ngc
NGC7209,NGC7209,open_cluster,22.085511,46.483528,8.240,6.000,,,ngc
NGC7213,NGC7213,galaxy,22.154531,-47.166611,10.990,4.840,3.890,121.000,ngc
NGC7217,NGC7217,galaxy,22.131219,31.359333,11.030,4.520,3.840,90.000,ngc
NGC7226,NGC7226,open_cluster,22.174136,55.398583,10.110,3.000,,,ngc
NGC7234,NGC7234,open_cluster,22.206950,57.271333,8.580,2.400,,,ngc
NGC7243,NGC7243,open_cluster,22.252383,49.897500,6.540,15.000,,,ngc
NGC7245,NGC7245,open_cluster,22.253197,54.342556,9.810,3.900,,,ngc
NGC7261,NGC7261,open_cluster,22.335108,58.051833,9.200,6.900,,,ngc
NGC7295,NGC7295,open_cluster,22.467456,52.289083,9.700,2.700,,,ngc
NGC7314,NGC7314,galaxy,22.596164,-26.050472,11.600,4.210,1.710,3.000,ngc
NGC7331,NGC7331,galaxy,22.617781,34.415528,10.200,9.270,3.760,170.000,ngc
NGC7332,NGC7332,galaxy,22.623483,23.798333,11.960,2.950,0.710,154.000,ngc
NGC7410,NGC7410,galaxy,22.916931,-39.661333,11.240,6.010,1.770,43.000,ngc
NGC7412,NGC7412,galaxy,22.929375,-42.642028,11.770,3.790,2.790,75.000,ngc
NGC7418,NGC7418,galaxy,22.943378,-37.030083,11.690,3.660,2.830,139.000,ngc
NGC7424,NGC7424,galaxy,22.955103,-41.070583,11.040,5.010,2.690,125.000,ngc
NGC7457,NGC7457,galaxy,23.016647,30.144944,11.870,3.950,2.250,128.000,ngc
NGC7479,NGC7479,galaxy,23.082403,12.322889,11.730,3.650,2.720,26.000,ngc
NGC7492,NGC7492,globular_cluster,23.140744,-15.611472,10.480,3.000,,,ngc
NGC7496,NGC7496,galaxy,23.163136,-43.427944,11.890,3.400,2.170,169.000,ngc
NGC7507,NGC7507,galaxy,23.202108,-28.539611,11.370,3.330,3.200,90.000,ngc
NGC7510,NGC7510,open_cluster,23.184383,60.570889,8.770,3.900,,,ngc
NGC7531,NGC7531,galaxy,23.246806,-43.599944,11.970,4.110,1.720,17.000,ngc
NGC7552,NGC7552,galaxy,23.269656,-42.584750,11.190,3.880,3.580,95.000,ngc
NGC7582,NGC7582,galaxy,23.306528,-42.370556,11.360,6.950,3.180,156.000,ngc
NGC7595,NGC7595,galaxy,23.308397,9.932417,11.880,0.700,0.600,125.000,ngc
NGC7606,NGC7606,galaxy,23.317994,-8.485083,11.590,5.260,4.470,145.000,ngc
NGC7640,NGC7640,galaxy,23.368494,40.845417,11.610,8.090,1.670,167.000,ngc
NGC7686,NGC7686,open_cluster,23.502050,49.134111,6.790,3.600,,,ngc
NGC7713,NGC7713,galaxy,23.604164,-37.938083,11.490,4.910,2.130,170.000,ngc
NGC7723,NGC7723,galaxy,23.649189,-12.961083,11.940,3.290,2.320,55.000,ngc
NGC7727,NGC7727,galaxy,23.664922,-12.292778,11.570,3.610,2.750,27.000,ngc
NGC7741,NGC7741,galaxy,23.731769,26.075611,11.820,3.630,2.380,158.000,ngc
NGC7788,NGC7788,open_cluster,23.945994,61.399917,9.400,2.400,,,ngc
NGC7789,NGC7789,open_cluster,23.956683,56.708278,7.680,14.400,,,ngc
NGC7790,NGC7790,open_cluster,23.973406,61.208306,9.180,3.600,,,ngc
NGC7793,NGC7793,galaxy,23.963842,-32.591028,9.700,10.420,6.050,89.000,ngc
NGC7814,NGC7814,galaxy,0.054136,16.145417,11.590,4.370,1.880,135.000,ngc
